Total Nacional	Comunidades y Ciudades Autónomas	Situación en el hogar	Sexo	Grupo de edad	periodo	Total
Total Nacional	Andalucía	Personas que conviven con su cónyuge	Ambos sexos	25-34 ańos	2020	183,9
Total Nacional	Andalucía	Personas que conviven con su cónyuge	Ambos sexos	25-34 ańos	2019	225,1
Total Nacional	Andalucía	Personas que conviven con su cónyuge	Ambos sexos	25-34 ańos	2018	214,9
Total Nacional	Andalucía	Personas que son parte de una pareja de hecho	Ambos sexos	25-34 ańos	2020	183,4
Total Nacional	Andalucía	Personas que son parte de una pareja de hecho	Ambos sexos	25-34 ańos	2019	171,8
Total Nacional	Andalucía	Personas que son parte de una pareja de hecho	Ambos sexos	25-34 ańos	2018	198,2
Total Nacional	Andalucía	Personas que no conviven en pareja pero forman núcleo con algún hijo	Ambos sexos	25-34 ańos	2020	35,0
Total Nacional	Andalucía	Personas que no conviven en pareja pero forman núcleo con algún hijo	Ambos sexos	25-34 ańos	2019	39,9
Total Nacional	Andalucía	Personas que no conviven en pareja pero forman núcleo con algún hijo	Ambos sexos	25-34 ańos	2018	31,6
Total Nacional	Andalucía	Hijos/Hijas no del padre o madre solos	Ambos sexos	25-34 ańos	2020	319,9
Total Nacional	Andalucía	Hijos/Hijas no del padre o madre solos	Ambos sexos	25-34 ańos	2019	316,1
Total Nacional	Andalucía	Hijos/Hijas no del padre o madre solos	Ambos sexos	25-34 ańos	2018	330,7
Total Nacional	Andalucía	Hijos/Hijas del padre o madre solos	Ambos sexos	25-34 ańos	2020	110,6
Total Nacional	Andalucía	Hijos/Hijas del padre o madre solos	Ambos sexos	25-34 ańos	2019	103,3
Total Nacional	Andalucía	Hijos/Hijas del padre o madre solos	Ambos sexos	25-34 ańos	2018	99,2
Total Nacional	Andalucía	Personas que viven solas	Ambos sexos	25-34 ańos	2020	80,9
Total Nacional	Andalucía	Personas que viven solas	Ambos sexos	25-34 ańos	2019	85,8
Total Nacional	Andalucía	Personas que viven solas	Ambos sexos	25-34 ańos	2018	82,8
Total Nacional	Andalucía	Personas que no viven en un núcleo familiar pero viven con otros parientes	Ambos sexos	25-34 ańos	2020	38,9
Total Nacional	Andalucía	Personas que no viven en un núcleo familiar pero viven con otros parientes	Ambos sexos	25-34 ańos	2019	29,0
Total Nacional	Andalucía	Personas que no viven en un núcleo familiar pero viven con otros parientes	Ambos sexos	25-34 ańos	2018	29,8
Total Nacional	Andalucía	Personas que no viven en un núcleo familiar pero viven con otros personas que no son parientes	Ambos sexos	25-34 ańos	2020	31,3
Total Nacional	Andalucía	Personas que no viven en un núcleo familiar pero viven con otros personas que no son parientes	Ambos sexos	25-34 ańos	2019	26,0
Total Nacional	Andalucía	Personas que no viven en un núcleo familiar pero viven con otros personas que no son parientes	Ambos sexos	25-34 ańos	2018	23,6
Total Nacional	Aragón	Personas que conviven con su cónyuge	Ambos sexos	25-34 ańos	2020	25,3
Total Nacional	Aragón	Personas que conviven con su cónyuge	Ambos sexos	25-34 ańos	2019	34,3
Total Nacional	Aragón	Personas que conviven con su cónyuge	Ambos sexos	25-34 ańos	2018	36,4
Total Nacional	Aragón	Personas que son parte de una pareja de hecho	Ambos sexos	25-34 ańos	2020	33,3
Total Nacional	Aragón	Personas que son parte de una pareja de hecho	Ambos sexos	25-34 ańos	2019	29,2
Total Nacional	Aragón	Personas que son parte de una pareja de hecho	Ambos sexos	25-34 ańos	2018	27,9
Total Nacional	Aragón	Personas que no conviven en pareja pero forman núcleo con algún hijo	Ambos sexos	25-34 ańos	2020	2,0
Total Nacional	Aragón	Personas que no conviven en pareja pero forman núcleo con algún hijo	Ambos sexos	25-34 ańos	2019	2,1
Total Nacional	Aragón	Personas que no conviven en pareja pero forman núcleo con algún hijo	Ambos sexos	25-34 ańos	2018	2,3
Total Nacional	Aragón	Hijos/Hijas no del padre o madre solos	Ambos sexos	25-34 ańos	2020	38,7
Total Nacional	Aragón	Hijos/Hijas no del padre o madre solos	Ambos sexos	25-34 ańos	2019	42,2
Total Nacional	Aragón	Hijos/Hijas no del padre o madre solos	Ambos sexos	25-34 ańos	2018	41,4
Total Nacional	Aragón	Hijos/Hijas del padre o madre solos	Ambos sexos	25-34 ańos	2020	17,4
Total Nacional	Aragón	Hijos/Hijas del padre o madre solos	Ambos sexos	25-34 ańos	2019	11,1
Total Nacional	Aragón	Hijos/Hijas del padre o madre solos	Ambos sexos	25-34 ańos	2018	12,7
Total Nacional	Aragón	Personas que viven solas	Ambos sexos	25-34 ańos	2020	10,3
Total Nacional	Aragón	Personas que viven solas	Ambos sexos	25-34 ańos	2019	12,4
Total Nacional	Aragón	Personas que viven solas	Ambos sexos	25-34 ańos	2018	10,3
Total Nacional	Aragón	Personas que no viven en un núcleo familiar pero viven con otros parientes	Ambos sexos	25-34 ańos	2020	6,2
Total Nacional	Aragón	Personas que no viven en un núcleo familiar pero viven con otros parientes	Ambos sexos	25-34 ańos	2019	4,1
Total Nacional	Aragón	Personas que no viven en un núcleo familiar pero viven con otros parientes	Ambos sexos	25-34 ańos	2018	2,8
Total Nacional	Aragón	Personas que no viven en un núcleo familiar pero viven con otros personas que no son parientes	Ambos sexos	25-34 ańos	2020	4,4
Total Nacional	Aragón	Personas que no viven en un núcleo familiar pero viven con otros personas que no son parientes	Ambos sexos	25-34 ańos	2019	2,4
Total Nacional	Aragón	Personas que no viven en un núcleo familiar pero viven con otros personas que no son parientes	Ambos sexos	25-34 ańos	2018	4,3
Total Nacional	Asturias, Principado de	Personas que conviven con su cónyuge	Ambos sexos	25-34 ańos	2020	17,0
Total Nacional	Asturias, Principado de	Personas que conviven con su cónyuge	Ambos sexos	25-34 ańos	2019	15,5
Total Nacional	Asturias, Principado de	Personas que conviven con su cónyuge	Ambos sexos	25-34 ańos	2018	22,1
Total Nacional	Asturias, Principado de	Personas que son parte de una pareja de hecho	Ambos sexos	25-34 ańos	2020	20,9
Total Nacional	Asturias, Principado de	Personas que son parte de una pareja de hecho	Ambos sexos	25-34 ańos	2019	15,8
Total Nacional	Asturias, Principado de	Personas que son parte de una pareja de hecho	Ambos sexos	25-34 ańos	2018	12,4
Total Nacional	Asturias, Principado de	Personas que no conviven en pareja pero forman núcleo con algún hijo	Ambos sexos	25-34 ańos	2020	4,6
Total Nacional	Asturias, Principado de	Personas que no conviven en pareja pero forman núcleo con algún hijo	Ambos sexos	25-34 ańos	2019	1,8
Total Nacional	Asturias, Principado de	Personas que no conviven en pareja pero forman núcleo con algún hijo	Ambos sexos	25-34 ańos	2018	2,9
Total Nacional	Asturias, Principado de	Hijos/Hijas no del padre o madre solos	Ambos sexos	25-34 ańos	2020	23,8
Total Nacional	Asturias, Principado de	Hijos/Hijas no del padre o madre solos	Ambos sexos	25-34 ańos	2019	28,1
Total Nacional	Asturias, Principado de	Hijos/Hijas no del padre o madre solos	Ambos sexos	25-34 ańos	2018	27,5
Total Nacional	Asturias, Principado de	Hijos/Hijas del padre o madre solos	Ambos sexos	25-34 ańos	2020	9,6
Total Nacional	Asturias, Principado de	Hijos/Hijas del padre o madre solos	Ambos sexos	25-34 ańos	2019	11,2
Total Nacional	Asturias, Principado de	Hijos/Hijas del padre o madre solos	Ambos sexos	25-34 ańos	2018	11,0
Total Nacional	Asturias, Principado de	Personas que viven solas	Ambos sexos	25-34 ańos	2020	9,2
Total Nacional	Asturias, Principado de	Personas que viven solas	Ambos sexos	25-34 ańos	2019	14,7
Total Nacional	Asturias, Principado de	Personas que viven solas	Ambos sexos	25-34 ańos	2018	14,0
Total Nacional	Asturias, Principado de	Personas que no viven en un núcleo familiar pero viven con otros parientes	Ambos sexos	25-34 ańos	2020	2,3
Total Nacional	Asturias, Principado de	Personas que no viven en un núcleo familiar pero viven con otros parientes	Ambos sexos	25-34 ańos	2019	2,6
Total Nacional	Asturias, Principado de	Personas que no viven en un núcleo familiar pero viven con otros parientes	Ambos sexos	25-34 ańos	2018	3,4
Total Nacional	Asturias, Principado de	Personas que no viven en un núcleo familiar pero viven con otros personas que no son parientes	Ambos sexos	25-34 ańos	2020	0,9
Total Nacional	Asturias, Principado de	Personas que no viven en un núcleo familiar pero viven con otros personas que no son parientes	Ambos sexos	25-34 ańos	2019	1,6
Total Nacional	Asturias, Principado de	Personas que no viven en un núcleo familiar pero viven con otros personas que no son parientes	Ambos sexos	25-34 ańos	2018	2,1
Total Nacional	Balears, Illes	Personas que conviven con su cónyuge	Ambos sexos	25-34 ańos	2020	29,1
Total Nacional	Balears, Illes	Personas que conviven con su cónyuge	Ambos sexos	25-34 ańos	2019	46,8
Total Nacional	Balears, Illes	Personas que conviven con su cónyuge	Ambos sexos	25-34 ańos	2018	45,4
Total Nacional	Balears, Illes	Personas que son parte de una pareja de hecho	Ambos sexos	25-34 ańos	2020	45,0
Total Nacional	Balears, Illes	Personas que son parte de una pareja de hecho	Ambos sexos	25-34 ańos	2019	37,1
Total Nacional	Balears, Illes	Personas que son parte de una pareja de hecho	Ambos sexos	25-34 ańos	2018	33,8
Total Nacional	Balears, Illes	Personas que no conviven en pareja pero forman núcleo con algún hijo	Ambos sexos	25-34 ańos	2020	5,7
Total Nacional	Balears, Illes	Personas que no conviven en pareja pero forman núcleo con algún hijo	Ambos sexos	25-34 ańos	2019	4,9
Total Nacional	Balears, Illes	Personas que no conviven en pareja pero forman núcleo con algún hijo	Ambos sexos	25-34 ańos	2018	6,3
Total Nacional	Balears, Illes	Hijos/Hijas no del padre o madre solos	Ambos sexos	25-34 ańos	2020	32,2
Total Nacional	Balears, Illes	Hijos/Hijas no del padre o madre solos	Ambos sexos	25-34 ańos	2019	33,5
Total Nacional	Balears, Illes	Hijos/Hijas no del padre o madre solos	Ambos sexos	25-34 ańos	2018	32,3
Total Nacional	Balears, Illes	Hijos/Hijas del padre o madre solos	Ambos sexos	25-34 ańos	2020	24,4
Total Nacional	Balears, Illes	Hijos/Hijas del padre o madre solos	Ambos sexos	25-34 ańos	2019	15,2
Total Nacional	Balears, Illes	Hijos/Hijas del padre o madre solos	Ambos sexos	25-34 ańos	2018	13,0
Total Nacional	Balears, Illes	Personas que viven solas	Ambos sexos	25-34 ańos	2020	18,0
Total Nacional	Balears, Illes	Personas que viven solas	Ambos sexos	25-34 ańos	2019	9,3
Total Nacional	Balears, Illes	Personas que viven solas	Ambos sexos	25-34 ańos	2018	9,8
Total Nacional	Balears, Illes	Personas que no viven en un núcleo familiar pero viven con otros parientes	Ambos sexos	25-34 ańos	2020	2,2
Total Nacional	Balears, Illes	Personas que no viven en un núcleo familiar pero viven con otros parientes	Ambos sexos	25-34 ańos	2019	3,6
Total Nacional	Balears, Illes	Personas que no viven en un núcleo familiar pero viven con otros parientes	Ambos sexos	25-34 ańos	2018	9,5
Total Nacional	Balears, Illes	Personas que no viven en un núcleo familiar pero viven con otros personas que no son parientes	Ambos sexos	25-34 ańos	2020	4,0
Total Nacional	Balears, Illes	Personas que no viven en un núcleo familiar pero viven con otros personas que no son parientes	Ambos sexos	25-34 ańos	2019	10,2
Total Nacional	Balears, Illes	Personas que no viven en un núcleo familiar pero viven con otros personas que no son parientes	Ambos sexos	25-34 ańos	2018	9,1
Total Nacional	Canarias	Personas que conviven con su cónyuge	Ambos sexos	25-34 ańos	2020	38,3
Total Nacional	Canarias	Personas que conviven con su cónyuge	Ambos sexos	25-34 ańos	2019	48,4
Total Nacional	Canarias	Personas que conviven con su cónyuge	Ambos sexos	25-34 ańos	2018	46,2
Total Nacional	Canarias	Personas que son parte de una pareja de hecho	Ambos sexos	25-34 ańos	2020	59,1
Total Nacional	Canarias	Personas que son parte de una pareja de hecho	Ambos sexos	25-34 ańos	2019	54,2
Total Nacional	Canarias	Personas que son parte de una pareja de hecho	Ambos sexos	25-34 ańos	2018	68,7
Total Nacional	Canarias	Personas que no conviven en pareja pero forman núcleo con algún hijo	Ambos sexos	25-34 ańos	2020	20,5
Total Nacional	Canarias	Personas que no conviven en pareja pero forman núcleo con algún hijo	Ambos sexos	25-34 ańos	2019	13,9
Total Nacional	Canarias	Personas que no conviven en pareja pero forman núcleo con algún hijo	Ambos sexos	25-34 ańos	2018	8,3
Total Nacional	Canarias	Hijos/Hijas no del padre o madre solos	Ambos sexos	25-34 ańos	2020	78,0
Total Nacional	Canarias	Hijos/Hijas no del padre o madre solos	Ambos sexos	25-34 ańos	2019	80,6
Total Nacional	Canarias	Hijos/Hijas no del padre o madre solos	Ambos sexos	25-34 ańos	2018	77,7
Total Nacional	Canarias	Hijos/Hijas del padre o madre solos	Ambos sexos	25-34 ańos	2020	51,0
Total Nacional	Canarias	Hijos/Hijas del padre o madre solos	Ambos sexos	25-34 ańos	2019	46,0
Total Nacional	Canarias	Hijos/Hijas del padre o madre solos	Ambos sexos	25-34 ańos	2018	41,8
Total Nacional	Canarias	Personas que viven solas	Ambos sexos	25-34 ańos	2020	19,2
Total Nacional	Canarias	Personas que viven solas	Ambos sexos	25-34 ańos	2019	19,3
Total Nacional	Canarias	Personas que viven solas	Ambos sexos	25-34 ańos	2018	17,2
Total Nacional	Canarias	Personas que no viven en un núcleo familiar pero viven con otros parientes	Ambos sexos	25-34 ańos	2020	11,1
Total Nacional	Canarias	Personas que no viven en un núcleo familiar pero viven con otros parientes	Ambos sexos	25-34 ańos	2019	9,3
Total Nacional	Canarias	Personas que no viven en un núcleo familiar pero viven con otros parientes	Ambos sexos	25-34 ańos	2018	12,1
Total Nacional	Canarias	Personas que no viven en un núcleo familiar pero viven con otros personas que no son parientes	Ambos sexos	25-34 ańos	2020	5,4
Total Nacional	Canarias	Personas que no viven en un núcleo familiar pero viven con otros personas que no son parientes	Ambos sexos	25-34 ańos	2019	11,0
Total Nacional	Canarias	Personas que no viven en un núcleo familiar pero viven con otros personas que no son parientes	Ambos sexos	25-34 ańos	2018	10,0
Total Nacional	Cantabria	Personas que conviven con su cónyuge	Ambos sexos	25-34 ańos	2020	10,2
Total Nacional	Cantabria	Personas que conviven con su cónyuge	Ambos sexos	25-34 ańos	2019	13,0
Total Nacional	Cantabria	Personas que conviven con su cónyuge	Ambos sexos	25-34 ańos	2018	13,2
Total Nacional	Cantabria	Personas que son parte de una pareja de hecho	Ambos sexos	25-34 ańos	2020	6,2
Total Nacional	Cantabria	Personas que son parte de una pareja de hecho	Ambos sexos	25-34 ańos	2019	11,0
Total Nacional	Cantabria	Personas que son parte de una pareja de hecho	Ambos sexos	25-34 ańos	2018	12,0
Total Nacional	Cantabria	Personas que no conviven en pareja pero forman núcleo con algún hijo	Ambos sexos	25-34 ańos	2020	2,0
Total Nacional	Cantabria	Personas que no conviven en pareja pero forman núcleo con algún hijo	Ambos sexos	25-34 ańos	2019	1,9
Total Nacional	Cantabria	Personas que no conviven en pareja pero forman núcleo con algún hijo	Ambos sexos	25-34 ańos	2018	1,9
Total Nacional	Cantabria	Hijos/Hijas no del padre o madre solos	Ambos sexos	25-34 ańos	2020	16,3
Total Nacional	Cantabria	Hijos/Hijas no del padre o madre solos	Ambos sexos	25-34 ańos	2019	17,0
Total Nacional	Cantabria	Hijos/Hijas no del padre o madre solos	Ambos sexos	25-34 ańos	2018	16,4
Total Nacional	Cantabria	Hijos/Hijas del padre o madre solos	Ambos sexos	25-34 ańos	2020	6,3
Total Nacional	Cantabria	Hijos/Hijas del padre o madre solos	Ambos sexos	25-34 ańos	2019	5,8
Total Nacional	Cantabria	Hijos/Hijas del padre o madre solos	Ambos sexos	25-34 ańos	2018	6,7
Total Nacional	Cantabria	Personas que viven solas	Ambos sexos	25-34 ańos	2020	8,3
Total Nacional	Cantabria	Personas que viven solas	Ambos sexos	25-34 ańos	2019	6,4
Total Nacional	Cantabria	Personas que viven solas	Ambos sexos	25-34 ańos	2018	5,9
Total Nacional	Cantabria	Personas que no viven en un núcleo familiar pero viven con otros parientes	Ambos sexos	25-34 ańos	2020	2,9
Total Nacional	Cantabria	Personas que no viven en un núcleo familiar pero viven con otros parientes	Ambos sexos	25-34 ańos	2019	1,1
Total Nacional	Cantabria	Personas que no viven en un núcleo familiar pero viven con otros parientes	Ambos sexos	25-34 ańos	2018	0,2
Total Nacional	Cantabria	Personas que no viven en un núcleo familiar pero viven con otros personas que no son parientes	Ambos sexos	25-34 ańos	2020	2,7
Total Nacional	Cantabria	Personas que no viven en un núcleo familiar pero viven con otros personas que no son parientes	Ambos sexos	25-34 ańos	2019	0,4
Total Nacional	Cantabria	Personas que no viven en un núcleo familiar pero viven con otros personas que no son parientes	Ambos sexos	25-34 ańos	2018	2,1
Total Nacional	Castilla y León	Personas que conviven con su cónyuge	Ambos sexos	25-34 ańos	2020	30,5
Total Nacional	Castilla y León	Personas que conviven con su cónyuge	Ambos sexos	25-34 ańos	2019	44,9
Total Nacional	Castilla y León	Personas que conviven con su cónyuge	Ambos sexos	25-34 ańos	2018	45,4
Total Nacional	Castilla y León	Personas que son parte de una pareja de hecho	Ambos sexos	25-34 ańos	2020	42,5
Total Nacional	Castilla y León	Personas que son parte de una pareja de hecho	Ambos sexos	25-34 ańos	2019	33,5
Total Nacional	Castilla y León	Personas que son parte de una pareja de hecho	Ambos sexos	25-34 ańos	2018	43,5
Total Nacional	Castilla y León	Personas que no conviven en pareja pero forman núcleo con algún hijo	Ambos sexos	25-34 ańos	2020	4,8
Total Nacional	Castilla y León	Personas que no conviven en pareja pero forman núcleo con algún hijo	Ambos sexos	25-34 ańos	2019	4,3
Total Nacional	Castilla y León	Personas que no conviven en pareja pero forman núcleo con algún hijo	Ambos sexos	25-34 ańos	2018	5,3
Total Nacional	Castilla y León	Hijos/Hijas no del padre o madre solos	Ambos sexos	25-34 ańos	2020	80,9
Total Nacional	Castilla y León	Hijos/Hijas no del padre o madre solos	Ambos sexos	25-34 ańos	2019	80,6
Total Nacional	Castilla y León	Hijos/Hijas no del padre o madre solos	Ambos sexos	25-34 ańos	2018	73,0
Total Nacional	Castilla y León	Hijos/Hijas del padre o madre solos	Ambos sexos	25-34 ańos	2020	28,0
Total Nacional	Castilla y León	Hijos/Hijas del padre o madre solos	Ambos sexos	25-34 ańos	2019	28,9
Total Nacional	Castilla y León	Hijos/Hijas del padre o madre solos	Ambos sexos	25-34 ańos	2018	28,3
Total Nacional	Castilla y León	Personas que viven solas	Ambos sexos	25-34 ańos	2020	27,3
Total Nacional	Castilla y León	Personas que viven solas	Ambos sexos	25-34 ańos	2019	24,8
Total Nacional	Castilla y León	Personas que viven solas	Ambos sexos	25-34 ańos	2018	25,7
Total Nacional	Castilla y León	Personas que no viven en un núcleo familiar pero viven con otros parientes	Ambos sexos	25-34 ańos	2020	7,6
Total Nacional	Castilla y León	Personas que no viven en un núcleo familiar pero viven con otros parientes	Ambos sexos	25-34 ańos	2019	5,6
Total Nacional	Castilla y León	Personas que no viven en un núcleo familiar pero viven con otros parientes	Ambos sexos	25-34 ańos	2018	8,4
Total Nacional	Castilla y León	Personas que no viven en un núcleo familiar pero viven con otros personas que no son parientes	Ambos sexos	25-34 ańos	2020	1,1
Total Nacional	Castilla y León	Personas que no viven en un núcleo familiar pero viven con otros personas que no son parientes	Ambos sexos	25-34 ańos	2019	6,1
Total Nacional	Castilla y León	Personas que no viven en un núcleo familiar pero viven con otros personas que no son parientes	Ambos sexos	25-34 ańos	2018	6,1
Total Nacional	Castilla - La Mancha	Personas que conviven con su cónyuge	Ambos sexos	25-34 ańos	2020	47,2
Total Nacional	Castilla - La Mancha	Personas que conviven con su cónyuge	Ambos sexos	25-34 ańos	2019	49,2
Total Nacional	Castilla - La Mancha	Personas que conviven con su cónyuge	Ambos sexos	25-34 ańos	2018	52,7
Total Nacional	Castilla - La Mancha	Personas que son parte de una pareja de hecho	Ambos sexos	25-34 ańos	2020	43,7
Total Nacional	Castilla - La Mancha	Personas que son parte de una pareja de hecho	Ambos sexos	25-34 ańos	2019	46,6
Total Nacional	Castilla - La Mancha	Personas que son parte de una pareja de hecho	Ambos sexos	25-34 ańos	2018	38,9
Total Nacional	Castilla - La Mancha	Personas que no conviven en pareja pero forman núcleo con algún hijo	Ambos sexos	25-34 ańos	2020	6,2
Total Nacional	Castilla - La Mancha	Personas que no conviven en pareja pero forman núcleo con algún hijo	Ambos sexos	25-34 ańos	2019	4,1
Total Nacional	Castilla - La Mancha	Personas que no conviven en pareja pero forman núcleo con algún hijo	Ambos sexos	25-34 ańos	2018	8,4
Total Nacional	Castilla - La Mancha	Hijos/Hijas no del padre o madre solos	Ambos sexos	25-34 ańos	2020	76,0
Total Nacional	Castilla - La Mancha	Hijos/Hijas no del padre o madre solos	Ambos sexos	25-34 ańos	2019	72,8
Total Nacional	Castilla - La Mancha	Hijos/Hijas no del padre o madre solos	Ambos sexos	25-34 ańos	2018	79,1
Total Nacional	Castilla - La Mancha	Hijos/Hijas del padre o madre solos	Ambos sexos	25-34 ańos	2020	25,8
Total Nacional	Castilla - La Mancha	Hijos/Hijas del padre o madre solos	Ambos sexos	25-34 ańos	2019	21,6
Total Nacional	Castilla - La Mancha	Hijos/Hijas del padre o madre solos	Ambos sexos	25-34 ańos	2018	19,8
Total Nacional	Castilla - La Mancha	Personas que viven solas	Ambos sexos	25-34 ańos	2020	18,0
Total Nacional	Castilla - La Mancha	Personas que viven solas	Ambos sexos	25-34 ańos	2019	20,3
Total Nacional	Castilla - La Mancha	Personas que viven solas	Ambos sexos	25-34 ańos	2018	22,9
Total Nacional	Castilla - La Mancha	Personas que no viven en un núcleo familiar pero viven con otros parientes	Ambos sexos	25-34 ańos	2020	6,8
Total Nacional	Castilla - La Mancha	Personas que no viven en un núcleo familiar pero viven con otros parientes	Ambos sexos	25-34 ańos	2019	9,5
Total Nacional	Castilla - La Mancha	Personas que no viven en un núcleo familiar pero viven con otros parientes	Ambos sexos	25-34 ańos	2018	9,0
Total Nacional	Castilla - La Mancha	Personas que no viven en un núcleo familiar pero viven con otros personas que no son parientes	Ambos sexos	25-34 ańos	2020	5,7
Total Nacional	Castilla - La Mancha	Personas que no viven en un núcleo familiar pero viven con otros personas que no son parientes	Ambos sexos	25-34 ańos	2019	7,4
Total Nacional	Castilla - La Mancha	Personas que no viven en un núcleo familiar pero viven con otros personas que no son parientes	Ambos sexos	25-34 ańos	2018	4,5
Total Nacional	Cataluńa	Personas que conviven con su cónyuge	Ambos sexos	25-34 ańos	2020	180,0
Total Nacional	Cataluńa	Personas que conviven con su cónyuge	Ambos sexos	25-34 ańos	2019	204,1
Total Nacional	Cataluńa	Personas que conviven con su cónyuge	Ambos sexos	25-34 ańos	2018	201,5
Total Nacional	Cataluńa	Personas que son parte de una pareja de hecho	Ambos sexos	25-34 ańos	2020	234,4
Total Nacional	Cataluńa	Personas que son parte de una pareja de hecho	Ambos sexos	25-34 ańos	2019	226,9
Total Nacional	Cataluńa	Personas que son parte de una pareja de hecho	Ambos sexos	25-34 ańos	2018	219,5
Total Nacional	Cataluńa	Personas que no conviven en pareja pero forman núcleo con algún hijo	Ambos sexos	25-34 ańos	2020	24,9
Total Nacional	Cataluńa	Personas que no conviven en pareja pero forman núcleo con algún hijo	Ambos sexos	25-34 ańos	2019	16,0
Total Nacional	Cataluńa	Personas que no conviven en pareja pero forman núcleo con algún hijo	Ambos sexos	25-34 ańos	2018	20,5
Total Nacional	Cataluńa	Hijos/Hijas no del padre o madre solos	Ambos sexos	25-34 ańos	2020	193,6
Total Nacional	Cataluńa	Hijos/Hijas no del padre o madre solos	Ambos sexos	25-34 ańos	2019	182,3
Total Nacional	Cataluńa	Hijos/Hijas no del padre o madre solos	Ambos sexos	25-34 ańos	2018	194,5
Total Nacional	Cataluńa	Hijos/Hijas del padre o madre solos	Ambos sexos	25-34 ańos	2020	79,4
Total Nacional	Cataluńa	Hijos/Hijas del padre o madre solos	Ambos sexos	25-34 ańos	2019	65,2
Total Nacional	Cataluńa	Hijos/Hijas del padre o madre solos	Ambos sexos	25-34 ańos	2018	60,8
Total Nacional	Cataluńa	Personas que viven solas	Ambos sexos	25-34 ańos	2020	75,5
Total Nacional	Cataluńa	Personas que viven solas	Ambos sexos	25-34 ańos	2019	88,4
Total Nacional	Cataluńa	Personas que viven solas	Ambos sexos	25-34 ańos	2018	88,7
Total Nacional	Cataluńa	Personas que no viven en un núcleo familiar pero viven con otros parientes	Ambos sexos	25-34 ańos	2020	29,1
Total Nacional	Cataluńa	Personas que no viven en un núcleo familiar pero viven con otros parientes	Ambos sexos	25-34 ańos	2019	37,1
Total Nacional	Cataluńa	Personas que no viven en un núcleo familiar pero viven con otros parientes	Ambos sexos	25-34 ańos	2018	20,6
Total Nacional	Cataluńa	Personas que no viven en un núcleo familiar pero viven con otros personas que no son parientes	Ambos sexos	25-34 ańos	2020	57,9
Total Nacional	Cataluńa	Personas que no viven en un núcleo familiar pero viven con otros personas que no son parientes	Ambos sexos	25-34 ańos	2019	48,9
Total Nacional	Cataluńa	Personas que no viven en un núcleo familiar pero viven con otros personas que no son parientes	Ambos sexos	25-34 ańos	2018	46,7
Total Nacional	Comunitat Valenciana	Personas que conviven con su cónyuge	Ambos sexos	25-34 ańos	2020	110,5
Total Nacional	Comunitat Valenciana	Personas que conviven con su cónyuge	Ambos sexos	25-34 ańos	2019	129,7
Total Nacional	Comunitat Valenciana	Personas que conviven con su cónyuge	Ambos sexos	25-34 ańos	2018	135,0
Total Nacional	Comunitat Valenciana	Personas que son parte de una pareja de hecho	Ambos sexos	25-34 ańos	2020	114,8
Total Nacional	Comunitat Valenciana	Personas que son parte de una pareja de hecho	Ambos sexos	25-34 ańos	2019	115,8
Total Nacional	Comunitat Valenciana	Personas que son parte de una pareja de hecho	Ambos sexos	25-34 ańos	2018	89,7
Total Nacional	Comunitat Valenciana	Personas que no conviven en pareja pero forman núcleo con algún hijo	Ambos sexos	25-34 ańos	2020	17,2
Total Nacional	Comunitat Valenciana	Personas que no conviven en pareja pero forman núcleo con algún hijo	Ambos sexos	25-34 ańos	2019	12,6
Total Nacional	Comunitat Valenciana	Personas que no conviven en pareja pero forman núcleo con algún hijo	Ambos sexos	25-34 ańos	2018	19,9
Total Nacional	Comunitat Valenciana	Hijos/Hijas no del padre o madre solos	Ambos sexos	25-34 ańos	2020	139,1
Total Nacional	Comunitat Valenciana	Hijos/Hijas no del padre o madre solos	Ambos sexos	25-34 ańos	2019	151,7
Total Nacional	Comunitat Valenciana	Hijos/Hijas no del padre o madre solos	Ambos sexos	25-34 ańos	2018	149,1
Total Nacional	Comunitat Valenciana	Hijos/Hijas del padre o madre solos	Ambos sexos	25-34 ańos	2020	61,7
Total Nacional	Comunitat Valenciana	Hijos/Hijas del padre o madre solos	Ambos sexos	25-34 ańos	2019	51,2
Total Nacional	Comunitat Valenciana	Hijos/Hijas del padre o madre solos	Ambos sexos	25-34 ańos	2018	51,5
Total Nacional	Comunitat Valenciana	Personas que viven solas	Ambos sexos	25-34 ańos	2020	67,2
Total Nacional	Comunitat Valenciana	Personas que viven solas	Ambos sexos	25-34 ańos	2019	46,0
Total Nacional	Comunitat Valenciana	Personas que viven solas	Ambos sexos	25-34 ańos	2018	54,8
Total Nacional	Comunitat Valenciana	Personas que no viven en un núcleo familiar pero viven con otros parientes	Ambos sexos	25-34 ańos	2020	14,3
Total Nacional	Comunitat Valenciana	Personas que no viven en un núcleo familiar pero viven con otros parientes	Ambos sexos	25-34 ańos	2019	21,4
Total Nacional	Comunitat Valenciana	Personas que no viven en un núcleo familiar pero viven con otros parientes	Ambos sexos	25-34 ańos	2018	21,9
Total Nacional	Comunitat Valenciana	Personas que no viven en un núcleo familiar pero viven con otros personas que no son parientes	Ambos sexos	25-34 ańos	2020	15,9
Total Nacional	Comunitat Valenciana	Personas que no viven en un núcleo familiar pero viven con otros personas que no son parientes	Ambos sexos	25-34 ańos	2019	13,8
Total Nacional	Comunitat Valenciana	Personas que no viven en un núcleo familiar pero viven con otros personas que no son parientes	Ambos sexos	25-34 ańos	2018	21,0
Total Nacional	Extremadura	Personas que conviven con su cónyuge	Ambos sexos	25-34 ańos	2020	16,9
Total Nacional	Extremadura	Personas que conviven con su cónyuge	Ambos sexos	25-34 ańos	2019	21,5
Total Nacional	Extremadura	Personas que conviven con su cónyuge	Ambos sexos	25-34 ańos	2018	26,5
Total Nacional	Extremadura	Personas que son parte de una pareja de hecho	Ambos sexos	25-34 ańos	2020	22,0
Total Nacional	Extremadura	Personas que son parte de una pareja de hecho	Ambos sexos	25-34 ańos	2019	23,8
Total Nacional	Extremadura	Personas que son parte de una pareja de hecho	Ambos sexos	25-34 ańos	2018	22,9
Total Nacional	Extremadura	Personas que no conviven en pareja pero forman núcleo con algún hijo	Ambos sexos	25-34 ańos	2020	2,7
Total Nacional	Extremadura	Personas que no conviven en pareja pero forman núcleo con algún hijo	Ambos sexos	25-34 ańos	2019	2,4
Total Nacional	Extremadura	Personas que no conviven en pareja pero forman núcleo con algún hijo	Ambos sexos	25-34 ańos	2018	5,0
Total Nacional	Extremadura	Hijos/Hijas no del padre o madre solos	Ambos sexos	25-34 ańos	2020	43,0
Total Nacional	Extremadura	Hijos/Hijas no del padre o madre solos	Ambos sexos	25-34 ańos	2019	42,2
Total Nacional	Extremadura	Hijos/Hijas no del padre o madre solos	Ambos sexos	25-34 ańos	2018	40,6
Total Nacional	Extremadura	Hijos/Hijas del padre o madre solos	Ambos sexos	25-34 ańos	2020	13,1
Total Nacional	Extremadura	Hijos/Hijas del padre o madre solos	Ambos sexos	25-34 ańos	2019	12,9
Total Nacional	Extremadura	Hijos/Hijas del padre o madre solos	Ambos sexos	25-34 ańos	2018	11,9
Total Nacional	Extremadura	Personas que viven solas	Ambos sexos	25-34 ańos	2020	17,7
Total Nacional	Extremadura	Personas que viven solas	Ambos sexos	25-34 ańos	2019	13,6
Total Nacional	Extremadura	Personas que viven solas	Ambos sexos	25-34 ańos	2018	10,5
Total Nacional	Extremadura	Personas que no viven en un núcleo familiar pero viven con otros parientes	Ambos sexos	25-34 ańos	2020	2,3
Total Nacional	Extremadura	Personas que no viven en un núcleo familiar pero viven con otros parientes	Ambos sexos	25-34 ańos	2019	4,0
Total Nacional	Extremadura	Personas que no viven en un núcleo familiar pero viven con otros parientes	Ambos sexos	25-34 ańos	2018	5,0
Total Nacional	Extremadura	Personas que no viven en un núcleo familiar pero viven con otros personas que no son parientes	Ambos sexos	25-34 ańos	2020	2,2
Total Nacional	Extremadura	Personas que no viven en un núcleo familiar pero viven con otros personas que no son parientes	Ambos sexos	25-34 ańos	2019	2,0
Total Nacional	Extremadura	Personas que no viven en un núcleo familiar pero viven con otros personas que no son parientes	Ambos sexos	25-34 ańos	2018	3,1
Total Nacional	Galicia	Personas que conviven con su cónyuge	Ambos sexos	25-34 ańos	2020	48,4
Total Nacional	Galicia	Personas que conviven con su cónyuge	Ambos sexos	25-34 ańos	2019	45,3
Total Nacional	Galicia	Personas que conviven con su cónyuge	Ambos sexos	25-34 ańos	2018	46,9
Total Nacional	Galicia	Personas que son parte de una pareja de hecho	Ambos sexos	25-34 ańos	2020	53,8
Total Nacional	Galicia	Personas que son parte de una pareja de hecho	Ambos sexos	25-34 ańos	2019	51,5
Total Nacional	Galicia	Personas que son parte de una pareja de hecho	Ambos sexos	25-34 ańos	2018	48,7
Total Nacional	Galicia	Personas que no conviven en pareja pero forman núcleo con algún hijo	Ambos sexos	25-34 ańos	2020	3,6
Total Nacional	Galicia	Personas que no conviven en pareja pero forman núcleo con algún hijo	Ambos sexos	25-34 ańos	2019	7,1
Total Nacional	Galicia	Personas que no conviven en pareja pero forman núcleo con algún hijo	Ambos sexos	25-34 ańos	2018	8,1
Total Nacional	Galicia	Hijos/Hijas no del padre o madre solos	Ambos sexos	25-34 ańos	2020	88,4
Total Nacional	Galicia	Hijos/Hijas no del padre o madre solos	Ambos sexos	25-34 ańos	2019	89,4
Total Nacional	Galicia	Hijos/Hijas no del padre o madre solos	Ambos sexos	25-34 ańos	2018	90,2
Total Nacional	Galicia	Hijos/Hijas del padre o madre solos	Ambos sexos	25-34 ańos	2020	25,4
Total Nacional	Galicia	Hijos/Hijas del padre o madre solos	Ambos sexos	25-34 ańos	2019	30,1
Total Nacional	Galicia	Hijos/Hijas del padre o madre solos	Ambos sexos	25-34 ańos	2018	37,5
Total Nacional	Galicia	Personas que viven solas	Ambos sexos	25-34 ańos	2020	27,7
Total Nacional	Galicia	Personas que viven solas	Ambos sexos	25-34 ańos	2019	29,8
Total Nacional	Galicia	Personas que viven solas	Ambos sexos	25-34 ańos	2018	28,3
Total Nacional	Galicia	Personas que no viven en un núcleo familiar pero viven con otros parientes	Ambos sexos	25-34 ańos	2020	5,5
Total Nacional	Galicia	Personas que no viven en un núcleo familiar pero viven con otros parientes	Ambos sexos	25-34 ańos	2019	7,1
Total Nacional	Galicia	Personas que no viven en un núcleo familiar pero viven con otros parientes	Ambos sexos	25-34 ańos	2018	6,8
Total Nacional	Galicia	Personas que no viven en un núcleo familiar pero viven con otros personas que no son parientes	Ambos sexos	25-34 ańos	2020	4,9
Total Nacional	Galicia	Personas que no viven en un núcleo familiar pero viven con otros personas que no son parientes	Ambos sexos	25-34 ańos	2019	3,6
Total Nacional	Galicia	Personas que no viven en un núcleo familiar pero viven con otros personas que no son parientes	Ambos sexos	25-34 ańos	2018	4,9
Total Nacional	Madrid, Comunidad de	Personas que conviven con su cónyuge	Ambos sexos	25-34 ańos	2020	158,3
Total Nacional	Madrid, Comunidad de	Personas que conviven con su cónyuge	Ambos sexos	25-34 ańos	2019	165,3
Total Nacional	Madrid, Comunidad de	Personas que conviven con su cónyuge	Ambos sexos	25-34 ańos	2018	178,9
Total Nacional	Madrid, Comunidad de	Personas que son parte de una pareja de hecho	Ambos sexos	25-34 ańos	2020	159,4
Total Nacional	Madrid, Comunidad de	Personas que son parte de una pareja de hecho	Ambos sexos	25-34 ańos	2019	157,3
Total Nacional	Madrid, Comunidad de	Personas que son parte de una pareja de hecho	Ambos sexos	25-34 ańos	2018	168,4
Total Nacional	Madrid, Comunidad de	Personas que no conviven en pareja pero forman núcleo con algún hijo	Ambos sexos	25-34 ańos	2020	13,1
Total Nacional	Madrid, Comunidad de	Personas que no conviven en pareja pero forman núcleo con algún hijo	Ambos sexos	25-34 ańos	2019	21,5
Total Nacional	Madrid, Comunidad de	Personas que no conviven en pareja pero forman núcleo con algún hijo	Ambos sexos	25-34 ańos	2018	16,5
Total Nacional	Madrid, Comunidad de	Hijos/Hijas no del padre o madre solos	Ambos sexos	25-34 ańos	2020	232,2
Total Nacional	Madrid, Comunidad de	Hijos/Hijas no del padre o madre solos	Ambos sexos	25-34 ańos	2019	197,4
Total Nacional	Madrid, Comunidad de	Hijos/Hijas no del padre o madre solos	Ambos sexos	25-34 ańos	2018	204,6
Total Nacional	Madrid, Comunidad de	Hijos/Hijas del padre o madre solos	Ambos sexos	25-34 ańos	2020	61,5
Total Nacional	Madrid, Comunidad de	Hijos/Hijas del padre o madre solos	Ambos sexos	25-34 ańos	2019	88,0
Total Nacional	Madrid, Comunidad de	Hijos/Hijas del padre o madre solos	Ambos sexos	25-34 ańos	2018	68,3
Total Nacional	Madrid, Comunidad de	Personas que viven solas	Ambos sexos	25-34 ańos	2020	66,7
Total Nacional	Madrid, Comunidad de	Personas que viven solas	Ambos sexos	25-34 ańos	2019	66,9
Total Nacional	Madrid, Comunidad de	Personas que viven solas	Ambos sexos	25-34 ańos	2018	73,1
Total Nacional	Madrid, Comunidad de	Personas que no viven en un núcleo familiar pero viven con otros parientes	Ambos sexos	25-34 ańos	2020	36,4
Total Nacional	Madrid, Comunidad de	Personas que no viven en un núcleo familiar pero viven con otros parientes	Ambos sexos	25-34 ańos	2019	39,3
Total Nacional	Madrid, Comunidad de	Personas que no viven en un núcleo familiar pero viven con otros parientes	Ambos sexos	25-34 ańos	2018	24,9
Total Nacional	Madrid, Comunidad de	Personas que no viven en un núcleo familiar pero viven con otros personas que no son parientes	Ambos sexos	25-34 ańos	2020	79,5
Total Nacional	Madrid, Comunidad de	Personas que no viven en un núcleo familiar pero viven con otros personas que no son parientes	Ambos sexos	25-34 ańos	2019	58,9
Total Nacional	Madrid, Comunidad de	Personas que no viven en un núcleo familiar pero viven con otros personas que no son parientes	Ambos sexos	25-34 ańos	2018	49,9
Total Nacional	Murcia, Región de	Personas que conviven con su cónyuge	Ambos sexos	25-34 ańos	2020	45,6
Total Nacional	Murcia, Región de	Personas que conviven con su cónyuge	Ambos sexos	25-34 ańos	2019	46,4
Total Nacional	Murcia, Región de	Personas que conviven con su cónyuge	Ambos sexos	25-34 ańos	2018	40,5
Total Nacional	Murcia, Región de	Personas que son parte de una pareja de hecho	Ambos sexos	25-34 ańos	2020	27,9
Total Nacional	Murcia, Región de	Personas que son parte de una pareja de hecho	Ambos sexos	25-34 ańos	2019	34,1
Total Nacional	Murcia, Región de	Personas que son parte de una pareja de hecho	Ambos sexos	25-34 ańos	2018	37,0
Total Nacional	Murcia, Región de	Personas que no conviven en pareja pero forman núcleo con algún hijo	Ambos sexos	25-34 ańos	2020	3,0
Total Nacional	Murcia, Región de	Personas que no conviven en pareja pero forman núcleo con algún hijo	Ambos sexos	25-34 ańos	2019	3,3
Total Nacional	Murcia, Región de	Personas que no conviven en pareja pero forman núcleo con algún hijo	Ambos sexos	25-34 ańos	2018	7,0
Total Nacional	Murcia, Región de	Hijos/Hijas no del padre o madre solos	Ambos sexos	25-34 ańos	2020	62,7
Total Nacional	Murcia, Región de	Hijos/Hijas no del padre o madre solos	Ambos sexos	25-34 ańos	2019	51,4
Total Nacional	Murcia, Región de	Hijos/Hijas no del padre o madre solos	Ambos sexos	25-34 ańos	2018	56,4
Total Nacional	Murcia, Región de	Hijos/Hijas del padre o madre solos	Ambos sexos	25-34 ańos	2020	18,0
Total Nacional	Murcia, Región de	Hijos/Hijas del padre o madre solos	Ambos sexos	25-34 ańos	2019	16,9
Total Nacional	Murcia, Región de	Hijos/Hijas del padre o madre solos	Ambos sexos	25-34 ańos	2018	21,0
Total Nacional	Murcia, Región de	Personas que viven solas	Ambos sexos	25-34 ańos	2020	9,3
Total Nacional	Murcia, Región de	Personas que viven solas	Ambos sexos	25-34 ańos	2019	13,1
Total Nacional	Murcia, Región de	Personas que viven solas	Ambos sexos	25-34 ańos	2018	10,5
Total Nacional	Murcia, Región de	Personas que no viven en un núcleo familiar pero viven con otros parientes	Ambos sexos	25-34 ańos	2020	6,0
Total Nacional	Murcia, Región de	Personas que no viven en un núcleo familiar pero viven con otros parientes	Ambos sexos	25-34 ańos	2019	7,8
Total Nacional	Murcia, Región de	Personas que no viven en un núcleo familiar pero viven con otros parientes	Ambos sexos	25-34 ańos	2018	3,2
Total Nacional	Murcia, Región de	Personas que no viven en un núcleo familiar pero viven con otros personas que no son parientes	Ambos sexos	25-34 ańos	2020	7,4
Total Nacional	Murcia, Región de	Personas que no viven en un núcleo familiar pero viven con otros personas que no son parientes	Ambos sexos	25-34 ańos	2019	6,3
Total Nacional	Murcia, Región de	Personas que no viven en un núcleo familiar pero viven con otros personas que no son parientes	Ambos sexos	25-34 ańos	2018	3,4
Total Nacional	Navarra, Comunidad Foral de	Personas que conviven con su cónyuge	Ambos sexos	25-34 ańos	2020	14,6
Total Nacional	Navarra, Comunidad Foral de	Personas que conviven con su cónyuge	Ambos sexos	25-34 ańos	2019	19,4
Total Nacional	Navarra, Comunidad Foral de	Personas que conviven con su cónyuge	Ambos sexos	25-34 ańos	2018	19,5
Total Nacional	Navarra, Comunidad Foral de	Personas que son parte de una pareja de hecho	Ambos sexos	25-34 ańos	2020	13,0
Total Nacional	Navarra, Comunidad Foral de	Personas que son parte de una pareja de hecho	Ambos sexos	25-34 ańos	2019	11,4
Total Nacional	Navarra, Comunidad Foral de	Personas que son parte de una pareja de hecho	Ambos sexos	25-34 ańos	2018	10,5
Total Nacional	Navarra, Comunidad Foral de	Personas que no conviven en pareja pero forman núcleo con algún hijo	Ambos sexos	25-34 ańos	2020	2,1
Total Nacional	Navarra, Comunidad Foral de	Personas que no conviven en pareja pero forman núcleo con algún hijo	Ambos sexos	25-34 ańos	2019	1,1
Total Nacional	Navarra, Comunidad Foral de	Personas que no conviven en pareja pero forman núcleo con algún hijo	Ambos sexos	25-34 ańos	2018	1,7
Total Nacional	Navarra, Comunidad Foral de	Hijos/Hijas no del padre o madre solos	Ambos sexos	25-34 ańos	2020	20,9
Total Nacional	Navarra, Comunidad Foral de	Hijos/Hijas no del padre o madre solos	Ambos sexos	25-34 ańos	2019	17,8
Total Nacional	Navarra, Comunidad Foral de	Hijos/Hijas no del padre o madre solos	Ambos sexos	25-34 ańos	2018	14,6
Total Nacional	Navarra, Comunidad Foral de	Hijos/Hijas del padre o madre solos	Ambos sexos	25-34 ańos	2020	5,8
Total Nacional	Navarra, Comunidad Foral de	Hijos/Hijas del padre o madre solos	Ambos sexos	25-34 ańos	2019	4,3
Total Nacional	Navarra, Comunidad Foral de	Hijos/Hijas del padre o madre solos	Ambos sexos	25-34 ańos	2018	7,7
Total Nacional	Navarra, Comunidad Foral de	Personas que viven solas	Ambos sexos	25-34 ańos	2020	6,3
Total Nacional	Navarra, Comunidad Foral de	Personas que viven solas	Ambos sexos	25-34 ańos	2019	7,5
Total Nacional	Navarra, Comunidad Foral de	Personas que viven solas	Ambos sexos	25-34 ańos	2018	6,5
Total Nacional	Navarra, Comunidad Foral de	Personas que no viven en un núcleo familiar pero viven con otros parientes	Ambos sexos	25-34 ańos	2020	2,5
Total Nacional	Navarra, Comunidad Foral de	Personas que no viven en un núcleo familiar pero viven con otros parientes	Ambos sexos	25-34 ańos	2019	2,5
Total Nacional	Navarra, Comunidad Foral de	Personas que no viven en un núcleo familiar pero viven con otros parientes	Ambos sexos	25-34 ańos	2018	1,9
Total Nacional	Navarra, Comunidad Foral de	Personas que no viven en un núcleo familiar pero viven con otros personas que no son parientes	Ambos sexos	25-34 ańos	2020	3,4
Total Nacional	Navarra, Comunidad Foral de	Personas que no viven en un núcleo familiar pero viven con otros personas que no son parientes	Ambos sexos	25-34 ańos	2019	4,1
Total Nacional	Navarra, Comunidad Foral de	Personas que no viven en un núcleo familiar pero viven con otros personas que no son parientes	Ambos sexos	25-34 ańos	2018	5,6
Total Nacional	País Vasco	Personas que conviven con su cónyuge	Ambos sexos	25-34 ańos	2020	34,0
Total Nacional	País Vasco	Personas que conviven con su cónyuge	Ambos sexos	25-34 ańos	2019	47,7
Total Nacional	País Vasco	Personas que conviven con su cónyuge	Ambos sexos	25-34 ańos	2018	36,2
Total Nacional	País Vasco	Personas que son parte de una pareja de hecho	Ambos sexos	25-34 ańos	2020	48,8
Total Nacional	País Vasco	Personas que son parte de una pareja de hecho	Ambos sexos	25-34 ańos	2019	37,0
Total Nacional	País Vasco	Personas que son parte de una pareja de hecho	Ambos sexos	25-34 ańos	2018	42,9
Total Nacional	País Vasco	Personas que no conviven en pareja pero forman núcleo con algún hijo	Ambos sexos	25-34 ańos	2020	0,9
Total Nacional	País Vasco	Personas que no conviven en pareja pero forman núcleo con algún hijo	Ambos sexos	25-34 ańos	2019	5,5
Total Nacional	País Vasco	Personas que no conviven en pareja pero forman núcleo con algún hijo	Ambos sexos	25-34 ańos	2018	6,7
Total Nacional	País Vasco	Hijos/Hijas no del padre o madre solos	Ambos sexos	25-34 ańos	2020	62,3
Total Nacional	País Vasco	Hijos/Hijas no del padre o madre solos	Ambos sexos	25-34 ańos	2019	55,6
Total Nacional	País Vasco	Hijos/Hijas no del padre o madre solos	Ambos sexos	25-34 ańos	2018	57,0
Total Nacional	País Vasco	Hijos/Hijas del padre o madre solos	Ambos sexos	25-34 ańos	2020	20,3
Total Nacional	País Vasco	Hijos/Hijas del padre o madre solos	Ambos sexos	25-34 ańos	2019	16,9
Total Nacional	País Vasco	Hijos/Hijas del padre o madre solos	Ambos sexos	25-34 ańos	2018	20,6
Total Nacional	País Vasco	Personas que viven solas	Ambos sexos	25-34 ańos	2020	21,0
Total Nacional	País Vasco	Personas que viven solas	Ambos sexos	25-34 ańos	2019	24,4
Total Nacional	País Vasco	Personas que viven solas	Ambos sexos	25-34 ańos	2018	19,1
Total Nacional	País Vasco	Personas que no viven en un núcleo familiar pero viven con otros parientes	Ambos sexos	25-34 ańos	2020	5,5
Total Nacional	País Vasco	Personas que no viven en un núcleo familiar pero viven con otros parientes	Ambos sexos	25-34 ańos	2019	2,9
Total Nacional	País Vasco	Personas que no viven en un núcleo familiar pero viven con otros parientes	Ambos sexos	25-34 ańos	2018	7,1
Total Nacional	País Vasco	Personas que no viven en un núcleo familiar pero viven con otros personas que no son parientes	Ambos sexos	25-34 ańos	2020	13,1
Total Nacional	País Vasco	Personas que no viven en un núcleo familiar pero viven con otros personas que no son parientes	Ambos sexos	25-34 ańos	2019	16,5
Total Nacional	País Vasco	Personas que no viven en un núcleo familiar pero viven con otros personas que no son parientes	Ambos sexos	25-34 ańos	2018	18,6
Total Nacional	Rioja, La	Personas que conviven con su cónyuge	Ambos sexos	25-34 ańos	2020	6,2
Total Nacional	Rioja, La	Personas que conviven con su cónyuge	Ambos sexos	25-34 ańos	2019	9,5
Total Nacional	Rioja, La	Personas que conviven con su cónyuge	Ambos sexos	25-34 ańos	2018	5,9
Total Nacional	Rioja, La	Personas que son parte de una pareja de hecho	Ambos sexos	25-34 ańos	2020	5,8
Total Nacional	Rioja, La	Personas que son parte de una pareja de hecho	Ambos sexos	25-34 ańos	2019	5,2
Total Nacional	Rioja, La	Personas que son parte de una pareja de hecho	Ambos sexos	25-34 ańos	2018	7,3
Total Nacional	Rioja, La	Personas que no conviven en pareja pero forman núcleo con algún hijo	Ambos sexos	25-34 ańos	2020	0,4
Total Nacional	Rioja, La	Personas que no conviven en pareja pero forman núcleo con algún hijo	Ambos sexos	25-34 ańos	2019	0,5
Total Nacional	Rioja, La	Personas que no conviven en pareja pero forman núcleo con algún hijo	Ambos sexos	25-34 ańos	2018	0,1
Total Nacional	Rioja, La	Hijos/Hijas no del padre o madre solos	Ambos sexos	25-34 ańos	2020	9,3
Total Nacional	Rioja, La	Hijos/Hijas no del padre o madre solos	Ambos sexos	25-34 ańos	2019	6,6
Total Nacional	Rioja, La	Hijos/Hijas no del padre o madre solos	Ambos sexos	25-34 ańos	2018	9,0
Total Nacional	Rioja, La	Hijos/Hijas del padre o madre solos	Ambos sexos	25-34 ańos	2020	3,9
Total Nacional	Rioja, La	Hijos/Hijas del padre o madre solos	Ambos sexos	25-34 ańos	2019	4,8
Total Nacional	Rioja, La	Hijos/Hijas del padre o madre solos	Ambos sexos	25-34 ańos	2018	3,4
Total Nacional	Rioja, La	Personas que viven solas	Ambos sexos	25-34 ańos	2020	3,9
Total Nacional	Rioja, La	Personas que viven solas	Ambos sexos	25-34 ańos	2019	3,5
Total Nacional	Rioja, La	Personas que viven solas	Ambos sexos	25-34 ańos	2018	4,1
Total Nacional	Rioja, La	Personas que no viven en un núcleo familiar pero viven con otros parientes	Ambos sexos	25-34 ańos	2020	0,8
Total Nacional	Rioja, La	Personas que no viven en un núcleo familiar pero viven con otros parientes	Ambos sexos	25-34 ańos	2019	1,4
Total Nacional	Rioja, La	Personas que no viven en un núcleo familiar pero viven con otros parientes	Ambos sexos	25-34 ańos	2018	2,3
Total Nacional	Rioja, La	Personas que no viven en un núcleo familiar pero viven con otros personas que no son parientes	Ambos sexos	25-34 ańos	2020	1,5
Total Nacional	Rioja, La	Personas que no viven en un núcleo familiar pero viven con otros personas que no son parientes	Ambos sexos	25-34 ańos	2019	0,4
Total Nacional	Rioja, La	Personas que no viven en un núcleo familiar pero viven con otros personas que no son parientes	Ambos sexos	25-34 ańos	2018	0,4
