Total Nacional	Comunidades y Ciudades Autónomas	Situación en el hogar	Grupo de edad	Sexo	periodo	Total
Total Nacional	Andalucía	Personas que conviven con su cónyuge	25-34 ańos	Hombre	2020	69,9
Total Nacional	Andalucía	Personas que conviven con su cónyuge	25-34 ańos	Hombre	2019	83,9
Total Nacional	Andalucía	Personas que conviven con su cónyuge	25-34 ańos	Hombre	2018	78,8
Total Nacional	Andalucía	Personas que conviven con su cónyuge	25-34 ańos	Mujer	2020	114,0
Total Nacional	Andalucía	Personas que conviven con su cónyuge	25-34 ańos	Mujer	2019	141,2
Total Nacional	Andalucía	Personas que conviven con su cónyuge	25-34 ańos	Mujer	2018	136,2
Total Nacional	Andalucía	Personas que son parte de una pareja de hecho	25-34 ańos	Hombre	2020	82,1
Total Nacional	Andalucía	Personas que son parte de una pareja de hecho	25-34 ańos	Hombre	2019	77,9
Total Nacional	Andalucía	Personas que son parte de una pareja de hecho	25-34 ańos	Hombre	2018	90,4
Total Nacional	Andalucía	Personas que son parte de una pareja de hecho	25-34 ańos	Mujer	2020	101,3
Total Nacional	Andalucía	Personas que son parte de una pareja de hecho	25-34 ańos	Mujer	2019	93,9
Total Nacional	Andalucía	Personas que son parte de una pareja de hecho	25-34 ańos	Mujer	2018	107,8
Total Nacional	Andalucía	Personas que no conviven en pareja pero forman núcleo con algún hijo	25-34 ańos	Hombre	2020	1,3
Total Nacional	Andalucía	Personas que no conviven en pareja pero forman núcleo con algún hijo	25-34 ańos	Hombre	2019	3,1
Total Nacional	Andalucía	Personas que no conviven en pareja pero forman núcleo con algún hijo	25-34 ańos	Hombre	2018	2,1
Total Nacional	Andalucía	Personas que no conviven en pareja pero forman núcleo con algún hijo	25-34 ańos	Mujer	2020	33,8
Total Nacional	Andalucía	Personas que no conviven en pareja pero forman núcleo con algún hijo	25-34 ańos	Mujer	2019	36,7
Total Nacional	Andalucía	Personas que no conviven en pareja pero forman núcleo con algún hijo	25-34 ańos	Mujer	2018	29,4
Total Nacional	Andalucía	Hijos/Hijas no del padre o madre solos	25-34 ańos	Hombre	2020	190,7
Total Nacional	Andalucía	Hijos/Hijas no del padre o madre solos	25-34 ańos	Hombre	2019	190,4
Total Nacional	Andalucía	Hijos/Hijas no del padre o madre solos	25-34 ańos	Hombre	2018	191,6
Total Nacional	Andalucía	Hijos/Hijas no del padre o madre solos	25-34 ańos	Mujer	2020	129,2
Total Nacional	Andalucía	Hijos/Hijas no del padre o madre solos	25-34 ańos	Mujer	2019	125,7
Total Nacional	Andalucía	Hijos/Hijas no del padre o madre solos	25-34 ańos	Mujer	2018	139,0
Total Nacional	Andalucía	Hijos/Hijas del padre o madre solos	25-34 ańos	Hombre	2020	58,9
Total Nacional	Andalucía	Hijos/Hijas del padre o madre solos	25-34 ańos	Hombre	2019	64,6
Total Nacional	Andalucía	Hijos/Hijas del padre o madre solos	25-34 ańos	Hombre	2018	63,5
Total Nacional	Andalucía	Hijos/Hijas del padre o madre solos	25-34 ańos	Mujer	2020	51,8
Total Nacional	Andalucía	Hijos/Hijas del padre o madre solos	25-34 ańos	Mujer	2019	38,8
Total Nacional	Andalucía	Hijos/Hijas del padre o madre solos	25-34 ańos	Mujer	2018	35,7
Total Nacional	Andalucía	Personas que viven solas	25-34 ańos	Hombre	2020	49,9
Total Nacional	Andalucía	Personas que viven solas	25-34 ańos	Hombre	2019	52,5
Total Nacional	Andalucía	Personas que viven solas	25-34 ańos	Hombre	2018	54,7
Total Nacional	Andalucía	Personas que viven solas	25-34 ańos	Mujer	2020	31,0
Total Nacional	Andalucía	Personas que viven solas	25-34 ańos	Mujer	2019	33,3
Total Nacional	Andalucía	Personas que viven solas	25-34 ańos	Mujer	2018	28,1
Total Nacional	Andalucía	Personas que no viven en un núcleo familiar pero viven con otros parientes	25-34 ańos	Hombre	2020	26,2
Total Nacional	Andalucía	Personas que no viven en un núcleo familiar pero viven con otros parientes	25-34 ańos	Hombre	2019	19,3
Total Nacional	Andalucía	Personas que no viven en un núcleo familiar pero viven con otros parientes	25-34 ańos	Hombre	2018	16,1
Total Nacional	Andalucía	Personas que no viven en un núcleo familiar pero viven con otros parientes	25-34 ańos	Mujer	2020	12,6
Total Nacional	Andalucía	Personas que no viven en un núcleo familiar pero viven con otros parientes	25-34 ańos	Mujer	2019	9,7
Total Nacional	Andalucía	Personas que no viven en un núcleo familiar pero viven con otros parientes	25-34 ańos	Mujer	2018	13,7
Total Nacional	Andalucía	Personas que no viven en un núcleo familiar pero viven con otros personas que no son parientes	25-34 ańos	Hombre	2020	18,6
Total Nacional	Andalucía	Personas que no viven en un núcleo familiar pero viven con otros personas que no son parientes	25-34 ańos	Hombre	2019	11,7
Total Nacional	Andalucía	Personas que no viven en un núcleo familiar pero viven con otros personas que no son parientes	25-34 ańos	Hombre	2018	12,0
Total Nacional	Andalucía	Personas que no viven en un núcleo familiar pero viven con otros personas que no son parientes	25-34 ańos	Mujer	2020	12,7
Total Nacional	Andalucía	Personas que no viven en un núcleo familiar pero viven con otros personas que no son parientes	25-34 ańos	Mujer	2019	14,3
Total Nacional	Andalucía	Personas que no viven en un núcleo familiar pero viven con otros personas que no son parientes	25-34 ańos	Mujer	2018	11,5
Total Nacional	Aragón	Personas que conviven con su cónyuge	25-34 ańos	Hombre	2020	10,0
Total Nacional	Aragón	Personas que conviven con su cónyuge	25-34 ańos	Hombre	2019	14,1
Total Nacional	Aragón	Personas que conviven con su cónyuge	25-34 ańos	Hombre	2018	12,3
Total Nacional	Aragón	Personas que conviven con su cónyuge	25-34 ańos	Mujer	2020	15,3
Total Nacional	Aragón	Personas que conviven con su cónyuge	25-34 ańos	Mujer	2019	20,2
Total Nacional	Aragón	Personas que conviven con su cónyuge	25-34 ańos	Mujer	2018	24,0
Total Nacional	Aragón	Personas que son parte de una pareja de hecho	25-34 ańos	Hombre	2020	12,6
Total Nacional	Aragón	Personas que son parte de una pareja de hecho	25-34 ańos	Hombre	2019	12,2
Total Nacional	Aragón	Personas que son parte de una pareja de hecho	25-34 ańos	Hombre	2018	13,0
Total Nacional	Aragón	Personas que son parte de una pareja de hecho	25-34 ańos	Mujer	2020	20,7
Total Nacional	Aragón	Personas que son parte de una pareja de hecho	25-34 ańos	Mujer	2019	17,0
Total Nacional	Aragón	Personas que son parte de una pareja de hecho	25-34 ańos	Mujer	2018	14,9
Total Nacional	Aragón	Personas que no conviven en pareja pero forman núcleo con algún hijo	25-34 ańos	Hombre	2020	..
Total Nacional	Aragón	Personas que no conviven en pareja pero forman núcleo con algún hijo	25-34 ańos	Hombre	2019	0,1
Total Nacional	Aragón	Personas que no conviven en pareja pero forman núcleo con algún hijo	25-34 ańos	Hombre	2018	..
Total Nacional	Aragón	Personas que no conviven en pareja pero forman núcleo con algún hijo	25-34 ańos	Mujer	2020	2,0
Total Nacional	Aragón	Personas que no conviven en pareja pero forman núcleo con algún hijo	25-34 ańos	Mujer	2019	2,0
Total Nacional	Aragón	Personas que no conviven en pareja pero forman núcleo con algún hijo	25-34 ańos	Mujer	2018	2,3
Total Nacional	Aragón	Hijos/Hijas no del padre o madre solos	25-34 ańos	Hombre	2020	22,8
Total Nacional	Aragón	Hijos/Hijas no del padre o madre solos	25-34 ańos	Hombre	2019	24,3
Total Nacional	Aragón	Hijos/Hijas no del padre o madre solos	25-34 ańos	Hombre	2018	25,7
Total Nacional	Aragón	Hijos/Hijas no del padre o madre solos	25-34 ańos	Mujer	2020	15,8
Total Nacional	Aragón	Hijos/Hijas no del padre o madre solos	25-34 ańos	Mujer	2019	18,0
Total Nacional	Aragón	Hijos/Hijas no del padre o madre solos	25-34 ańos	Mujer	2018	15,7
Total Nacional	Aragón	Hijos/Hijas del padre o madre solos	25-34 ańos	Hombre	2020	11,2
Total Nacional	Aragón	Hijos/Hijas del padre o madre solos	25-34 ańos	Hombre	2019	7,2
Total Nacional	Aragón	Hijos/Hijas del padre o madre solos	25-34 ańos	Hombre	2018	8,8
Total Nacional	Aragón	Hijos/Hijas del padre o madre solos	25-34 ańos	Mujer	2020	6,2
Total Nacional	Aragón	Hijos/Hijas del padre o madre solos	25-34 ańos	Mujer	2019	3,9
Total Nacional	Aragón	Hijos/Hijas del padre o madre solos	25-34 ańos	Mujer	2018	3,8
Total Nacional	Aragón	Personas que viven solas	25-34 ańos	Hombre	2020	5,9
Total Nacional	Aragón	Personas que viven solas	25-34 ańos	Hombre	2019	7,0
Total Nacional	Aragón	Personas que viven solas	25-34 ańos	Hombre	2018	6,4
Total Nacional	Aragón	Personas que viven solas	25-34 ańos	Mujer	2020	4,4
Total Nacional	Aragón	Personas que viven solas	25-34 ańos	Mujer	2019	5,5
Total Nacional	Aragón	Personas que viven solas	25-34 ańos	Mujer	2018	3,9
Total Nacional	Aragón	Personas que no viven en un núcleo familiar pero viven con otros parientes	25-34 ańos	Hombre	2020	4,4
Total Nacional	Aragón	Personas que no viven en un núcleo familiar pero viven con otros parientes	25-34 ańos	Hombre	2019	3,2
Total Nacional	Aragón	Personas que no viven en un núcleo familiar pero viven con otros parientes	25-34 ańos	Hombre	2018	1,3
Total Nacional	Aragón	Personas que no viven en un núcleo familiar pero viven con otros parientes	25-34 ańos	Mujer	2020	1,8
Total Nacional	Aragón	Personas que no viven en un núcleo familiar pero viven con otros parientes	25-34 ańos	Mujer	2019	0,9
Total Nacional	Aragón	Personas que no viven en un núcleo familiar pero viven con otros parientes	25-34 ańos	Mujer	2018	1,5
Total Nacional	Aragón	Personas que no viven en un núcleo familiar pero viven con otros personas que no son parientes	25-34 ańos	Hombre	2020	2,0
Total Nacional	Aragón	Personas que no viven en un núcleo familiar pero viven con otros personas que no son parientes	25-34 ańos	Hombre	2019	1,1
Total Nacional	Aragón	Personas que no viven en un núcleo familiar pero viven con otros personas que no son parientes	25-34 ańos	Hombre	2018	1,7
Total Nacional	Aragón	Personas que no viven en un núcleo familiar pero viven con otros personas que no son parientes	25-34 ańos	Mujer	2020	2,4
Total Nacional	Aragón	Personas que no viven en un núcleo familiar pero viven con otros personas que no son parientes	25-34 ańos	Mujer	2019	1,3
Total Nacional	Aragón	Personas que no viven en un núcleo familiar pero viven con otros personas que no son parientes	25-34 ańos	Mujer	2018	2,5
Total Nacional	Asturias, Principado de	Personas que conviven con su cónyuge	25-34 ańos	Hombre	2020	7,2
Total Nacional	Asturias, Principado de	Personas que conviven con su cónyuge	25-34 ańos	Hombre	2019	5,7
Total Nacional	Asturias, Principado de	Personas que conviven con su cónyuge	25-34 ańos	Hombre	2018	9,5
Total Nacional	Asturias, Principado de	Personas que conviven con su cónyuge	25-34 ańos	Mujer	2020	9,8
Total Nacional	Asturias, Principado de	Personas que conviven con su cónyuge	25-34 ańos	Mujer	2019	9,9
Total Nacional	Asturias, Principado de	Personas que conviven con su cónyuge	25-34 ańos	Mujer	2018	12,6
Total Nacional	Asturias, Principado de	Personas que son parte de una pareja de hecho	25-34 ańos	Hombre	2020	8,5
Total Nacional	Asturias, Principado de	Personas que son parte de una pareja de hecho	25-34 ańos	Hombre	2019	7,5
Total Nacional	Asturias, Principado de	Personas que son parte de una pareja de hecho	25-34 ańos	Hombre	2018	5,6
Total Nacional	Asturias, Principado de	Personas que son parte de una pareja de hecho	25-34 ańos	Mujer	2020	12,4
Total Nacional	Asturias, Principado de	Personas que son parte de una pareja de hecho	25-34 ańos	Mujer	2019	8,3
Total Nacional	Asturias, Principado de	Personas que son parte de una pareja de hecho	25-34 ańos	Mujer	2018	6,8
Total Nacional	Asturias, Principado de	Personas que no conviven en pareja pero forman núcleo con algún hijo	25-34 ańos	Hombre	2020	..
Total Nacional	Asturias, Principado de	Personas que no conviven en pareja pero forman núcleo con algún hijo	25-34 ańos	Hombre	2019	..
Total Nacional	Asturias, Principado de	Personas que no conviven en pareja pero forman núcleo con algún hijo	25-34 ańos	Hombre	2018	..
Total Nacional	Asturias, Principado de	Personas que no conviven en pareja pero forman núcleo con algún hijo	25-34 ańos	Mujer	2020	4,6
Total Nacional	Asturias, Principado de	Personas que no conviven en pareja pero forman núcleo con algún hijo	25-34 ańos	Mujer	2019	1,8
Total Nacional	Asturias, Principado de	Personas que no conviven en pareja pero forman núcleo con algún hijo	25-34 ańos	Mujer	2018	2,9
Total Nacional	Asturias, Principado de	Hijos/Hijas no del padre o madre solos	25-34 ańos	Hombre	2020	15,1
Total Nacional	Asturias, Principado de	Hijos/Hijas no del padre o madre solos	25-34 ańos	Hombre	2019	15,1
Total Nacional	Asturias, Principado de	Hijos/Hijas no del padre o madre solos	25-34 ańos	Hombre	2018	15,0
Total Nacional	Asturias, Principado de	Hijos/Hijas no del padre o madre solos	25-34 ańos	Mujer	2020	8,8
Total Nacional	Asturias, Principado de	Hijos/Hijas no del padre o madre solos	25-34 ańos	Mujer	2019	13,1
Total Nacional	Asturias, Principado de	Hijos/Hijas no del padre o madre solos	25-34 ańos	Mujer	2018	12,5
Total Nacional	Asturias, Principado de	Hijos/Hijas del padre o madre solos	25-34 ańos	Hombre	2020	6,5
Total Nacional	Asturias, Principado de	Hijos/Hijas del padre o madre solos	25-34 ańos	Hombre	2019	7,0
Total Nacional	Asturias, Principado de	Hijos/Hijas del padre o madre solos	25-34 ańos	Hombre	2018	6,7
Total Nacional	Asturias, Principado de	Hijos/Hijas del padre o madre solos	25-34 ańos	Mujer	2020	3,1
Total Nacional	Asturias, Principado de	Hijos/Hijas del padre o madre solos	25-34 ańos	Mujer	2019	4,2
Total Nacional	Asturias, Principado de	Hijos/Hijas del padre o madre solos	25-34 ańos	Mujer	2018	4,3
Total Nacional	Asturias, Principado de	Personas que viven solas	25-34 ańos	Hombre	2020	4,7
Total Nacional	Asturias, Principado de	Personas que viven solas	25-34 ańos	Hombre	2019	9,3
Total Nacional	Asturias, Principado de	Personas que viven solas	25-34 ańos	Hombre	2018	8,2
Total Nacional	Asturias, Principado de	Personas que viven solas	25-34 ańos	Mujer	2020	4,5
Total Nacional	Asturias, Principado de	Personas que viven solas	25-34 ańos	Mujer	2019	5,4
Total Nacional	Asturias, Principado de	Personas que viven solas	25-34 ańos	Mujer	2018	5,8
Total Nacional	Asturias, Principado de	Personas que no viven en un núcleo familiar pero viven con otros parientes	25-34 ańos	Hombre	2020	2,0
Total Nacional	Asturias, Principado de	Personas que no viven en un núcleo familiar pero viven con otros parientes	25-34 ańos	Hombre	2019	1,6
Total Nacional	Asturias, Principado de	Personas que no viven en un núcleo familiar pero viven con otros parientes	25-34 ańos	Hombre	2018	2,5
Total Nacional	Asturias, Principado de	Personas que no viven en un núcleo familiar pero viven con otros parientes	25-34 ańos	Mujer	2020	0,2
Total Nacional	Asturias, Principado de	Personas que no viven en un núcleo familiar pero viven con otros parientes	25-34 ańos	Mujer	2019	1,0
Total Nacional	Asturias, Principado de	Personas que no viven en un núcleo familiar pero viven con otros parientes	25-34 ańos	Mujer	2018	0,9
Total Nacional	Asturias, Principado de	Personas que no viven en un núcleo familiar pero viven con otros personas que no son parientes	25-34 ańos	Hombre	2020	0,5
Total Nacional	Asturias, Principado de	Personas que no viven en un núcleo familiar pero viven con otros personas que no son parientes	25-34 ańos	Hombre	2019	..
Total Nacional	Asturias, Principado de	Personas que no viven en un núcleo familiar pero viven con otros personas que no son parientes	25-34 ańos	Hombre	2018	0,6
Total Nacional	Asturias, Principado de	Personas que no viven en un núcleo familiar pero viven con otros personas que no son parientes	25-34 ańos	Mujer	2020	0,4
Total Nacional	Asturias, Principado de	Personas que no viven en un núcleo familiar pero viven con otros personas que no son parientes	25-34 ańos	Mujer	2019	1,6
Total Nacional	Asturias, Principado de	Personas que no viven en un núcleo familiar pero viven con otros personas que no son parientes	25-34 ańos	Mujer	2018	1,4
Total Nacional	Balears, Illes	Personas que conviven con su cónyuge	25-34 ańos	Hombre	2020	11,6
Total Nacional	Balears, Illes	Personas que conviven con su cónyuge	25-34 ańos	Hombre	2019	17,9
Total Nacional	Balears, Illes	Personas que conviven con su cónyuge	25-34 ańos	Hombre	2018	16,4
Total Nacional	Balears, Illes	Personas que conviven con su cónyuge	25-34 ańos	Mujer	2020	17,5
Total Nacional	Balears, Illes	Personas que conviven con su cónyuge	25-34 ańos	Mujer	2019	28,9
Total Nacional	Balears, Illes	Personas que conviven con su cónyuge	25-34 ańos	Mujer	2018	29,0
Total Nacional	Balears, Illes	Personas que son parte de una pareja de hecho	25-34 ańos	Hombre	2020	21,2
Total Nacional	Balears, Illes	Personas que son parte de una pareja de hecho	25-34 ańos	Hombre	2019	18,8
Total Nacional	Balears, Illes	Personas que son parte de una pareja de hecho	25-34 ańos	Hombre	2018	15,5
Total Nacional	Balears, Illes	Personas que son parte de una pareja de hecho	25-34 ańos	Mujer	2020	23,8
Total Nacional	Balears, Illes	Personas que son parte de una pareja de hecho	25-34 ańos	Mujer	2019	18,3
Total Nacional	Balears, Illes	Personas que son parte de una pareja de hecho	25-34 ańos	Mujer	2018	18,3
Total Nacional	Balears, Illes	Personas que no conviven en pareja pero forman núcleo con algún hijo	25-34 ańos	Hombre	2020	0,8
Total Nacional	Balears, Illes	Personas que no conviven en pareja pero forman núcleo con algún hijo	25-34 ańos	Hombre	2019	..
Total Nacional	Balears, Illes	Personas que no conviven en pareja pero forman núcleo con algún hijo	25-34 ańos	Hombre	2018	0,4
Total Nacional	Balears, Illes	Personas que no conviven en pareja pero forman núcleo con algún hijo	25-34 ańos	Mujer	2020	4,9
Total Nacional	Balears, Illes	Personas que no conviven en pareja pero forman núcleo con algún hijo	25-34 ańos	Mujer	2019	4,9
Total Nacional	Balears, Illes	Personas que no conviven en pareja pero forman núcleo con algún hijo	25-34 ańos	Mujer	2018	5,9
Total Nacional	Balears, Illes	Hijos/Hijas no del padre o madre solos	25-34 ańos	Hombre	2020	20,7
Total Nacional	Balears, Illes	Hijos/Hijas no del padre o madre solos	25-34 ańos	Hombre	2019	21,2
Total Nacional	Balears, Illes	Hijos/Hijas no del padre o madre solos	25-34 ańos	Hombre	2018	19,9
Total Nacional	Balears, Illes	Hijos/Hijas no del padre o madre solos	25-34 ańos	Mujer	2020	11,5
Total Nacional	Balears, Illes	Hijos/Hijas no del padre o madre solos	25-34 ańos	Mujer	2019	12,3
Total Nacional	Balears, Illes	Hijos/Hijas no del padre o madre solos	25-34 ańos	Mujer	2018	12,4
Total Nacional	Balears, Illes	Hijos/Hijas del padre o madre solos	25-34 ańos	Hombre	2020	15,1
Total Nacional	Balears, Illes	Hijos/Hijas del padre o madre solos	25-34 ańos	Hombre	2019	9,0
Total Nacional	Balears, Illes	Hijos/Hijas del padre o madre solos	25-34 ańos	Hombre	2018	7,7
Total Nacional	Balears, Illes	Hijos/Hijas del padre o madre solos	25-34 ańos	Mujer	2020	9,3
Total Nacional	Balears, Illes	Hijos/Hijas del padre o madre solos	25-34 ańos	Mujer	2019	6,2
Total Nacional	Balears, Illes	Hijos/Hijas del padre o madre solos	25-34 ańos	Mujer	2018	5,3
Total Nacional	Balears, Illes	Personas que viven solas	25-34 ańos	Hombre	2020	7,3
Total Nacional	Balears, Illes	Personas que viven solas	25-34 ańos	Hombre	2019	4,9
Total Nacional	Balears, Illes	Personas que viven solas	25-34 ańos	Hombre	2018	7,5
Total Nacional	Balears, Illes	Personas que viven solas	25-34 ańos	Mujer	2020	10,7
Total Nacional	Balears, Illes	Personas que viven solas	25-34 ańos	Mujer	2019	4,5
Total Nacional	Balears, Illes	Personas que viven solas	25-34 ańos	Mujer	2018	2,2
Total Nacional	Balears, Illes	Personas que no viven en un núcleo familiar pero viven con otros parientes	25-34 ańos	Hombre	2020	1,4
Total Nacional	Balears, Illes	Personas que no viven en un núcleo familiar pero viven con otros parientes	25-34 ańos	Hombre	2019	2,2
Total Nacional	Balears, Illes	Personas que no viven en un núcleo familiar pero viven con otros parientes	25-34 ańos	Hombre	2018	4,8
Total Nacional	Balears, Illes	Personas que no viven en un núcleo familiar pero viven con otros parientes	25-34 ańos	Mujer	2020	0,7
Total Nacional	Balears, Illes	Personas que no viven en un núcleo familiar pero viven con otros parientes	25-34 ańos	Mujer	2019	1,4
Total Nacional	Balears, Illes	Personas que no viven en un núcleo familiar pero viven con otros parientes	25-34 ańos	Mujer	2018	4,7
Total Nacional	Balears, Illes	Personas que no viven en un núcleo familiar pero viven con otros personas que no son parientes	25-34 ańos	Hombre	2020	1,8
Total Nacional	Balears, Illes	Personas que no viven en un núcleo familiar pero viven con otros personas que no son parientes	25-34 ańos	Hombre	2019	5,9
Total Nacional	Balears, Illes	Personas que no viven en un núcleo familiar pero viven con otros personas que no son parientes	25-34 ańos	Hombre	2018	6,5
Total Nacional	Balears, Illes	Personas que no viven en un núcleo familiar pero viven con otros personas que no son parientes	25-34 ańos	Mujer	2020	2,2
Total Nacional	Balears, Illes	Personas que no viven en un núcleo familiar pero viven con otros personas que no son parientes	25-34 ańos	Mujer	2019	4,3
Total Nacional	Balears, Illes	Personas que no viven en un núcleo familiar pero viven con otros personas que no son parientes	25-34 ańos	Mujer	2018	2,6
Total Nacional	Canarias	Personas que conviven con su cónyuge	25-34 ańos	Hombre	2020	17,2
Total Nacional	Canarias	Personas que conviven con su cónyuge	25-34 ańos	Hombre	2019	17,2
Total Nacional	Canarias	Personas que conviven con su cónyuge	25-34 ańos	Hombre	2018	17,5
Total Nacional	Canarias	Personas que conviven con su cónyuge	25-34 ańos	Mujer	2020	21,1
Total Nacional	Canarias	Personas que conviven con su cónyuge	25-34 ańos	Mujer	2019	31,2
Total Nacional	Canarias	Personas que conviven con su cónyuge	25-34 ańos	Mujer	2018	28,7
Total Nacional	Canarias	Personas que son parte de una pareja de hecho	25-34 ańos	Hombre	2020	28,9
Total Nacional	Canarias	Personas que son parte de una pareja de hecho	25-34 ańos	Hombre	2019	25,5
Total Nacional	Canarias	Personas que son parte de una pareja de hecho	25-34 ańos	Hombre	2018	32,3
Total Nacional	Canarias	Personas que son parte de una pareja de hecho	25-34 ańos	Mujer	2020	30,1
Total Nacional	Canarias	Personas que son parte de una pareja de hecho	25-34 ańos	Mujer	2019	28,7
Total Nacional	Canarias	Personas que son parte de una pareja de hecho	25-34 ańos	Mujer	2018	36,4
Total Nacional	Canarias	Personas que no conviven en pareja pero forman núcleo con algún hijo	25-34 ańos	Hombre	2020	2,6
Total Nacional	Canarias	Personas que no conviven en pareja pero forman núcleo con algún hijo	25-34 ańos	Hombre	2019	..
Total Nacional	Canarias	Personas que no conviven en pareja pero forman núcleo con algún hijo	25-34 ańos	Hombre	2018	0,5
Total Nacional	Canarias	Personas que no conviven en pareja pero forman núcleo con algún hijo	25-34 ańos	Mujer	2020	17,9
Total Nacional	Canarias	Personas que no conviven en pareja pero forman núcleo con algún hijo	25-34 ańos	Mujer	2019	13,9
Total Nacional	Canarias	Personas que no conviven en pareja pero forman núcleo con algún hijo	25-34 ańos	Mujer	2018	7,8
Total Nacional	Canarias	Hijos/Hijas no del padre o madre solos	25-34 ańos	Hombre	2020	38,9
Total Nacional	Canarias	Hijos/Hijas no del padre o madre solos	25-34 ańos	Hombre	2019	44,1
Total Nacional	Canarias	Hijos/Hijas no del padre o madre solos	25-34 ańos	Hombre	2018	45,2
Total Nacional	Canarias	Hijos/Hijas no del padre o madre solos	25-34 ańos	Mujer	2020	39,1
Total Nacional	Canarias	Hijos/Hijas no del padre o madre solos	25-34 ańos	Mujer	2019	36,5
Total Nacional	Canarias	Hijos/Hijas no del padre o madre solos	25-34 ańos	Mujer	2018	32,4
Total Nacional	Canarias	Hijos/Hijas del padre o madre solos	25-34 ańos	Hombre	2020	34,1
Total Nacional	Canarias	Hijos/Hijas del padre o madre solos	25-34 ańos	Hombre	2019	28,5
Total Nacional	Canarias	Hijos/Hijas del padre o madre solos	25-34 ańos	Hombre	2018	23,1
Total Nacional	Canarias	Hijos/Hijas del padre o madre solos	25-34 ańos	Mujer	2020	16,9
Total Nacional	Canarias	Hijos/Hijas del padre o madre solos	25-34 ańos	Mujer	2019	17,5
Total Nacional	Canarias	Hijos/Hijas del padre o madre solos	25-34 ańos	Mujer	2018	18,7
Total Nacional	Canarias	Personas que viven solas	25-34 ańos	Hombre	2020	9,9
Total Nacional	Canarias	Personas que viven solas	25-34 ańos	Hombre	2019	12,3
Total Nacional	Canarias	Personas que viven solas	25-34 ańos	Hombre	2018	10,0
Total Nacional	Canarias	Personas que viven solas	25-34 ańos	Mujer	2020	9,3
Total Nacional	Canarias	Personas que viven solas	25-34 ańos	Mujer	2019	7,0
Total Nacional	Canarias	Personas que viven solas	25-34 ańos	Mujer	2018	7,2
Total Nacional	Canarias	Personas que no viven en un núcleo familiar pero viven con otros parientes	25-34 ańos	Hombre	2020	7,4
Total Nacional	Canarias	Personas que no viven en un núcleo familiar pero viven con otros parientes	25-34 ańos	Hombre	2019	6,2
Total Nacional	Canarias	Personas que no viven en un núcleo familiar pero viven con otros parientes	25-34 ańos	Hombre	2018	8,7
Total Nacional	Canarias	Personas que no viven en un núcleo familiar pero viven con otros parientes	25-34 ańos	Mujer	2020	3,6
Total Nacional	Canarias	Personas que no viven en un núcleo familiar pero viven con otros parientes	25-34 ańos	Mujer	2019	3,1
Total Nacional	Canarias	Personas que no viven en un núcleo familiar pero viven con otros parientes	25-34 ańos	Mujer	2018	3,4
Total Nacional	Canarias	Personas que no viven en un núcleo familiar pero viven con otros personas que no son parientes	25-34 ańos	Hombre	2020	0,9
Total Nacional	Canarias	Personas que no viven en un núcleo familiar pero viven con otros personas que no son parientes	25-34 ańos	Hombre	2019	6,3
Total Nacional	Canarias	Personas que no viven en un núcleo familiar pero viven con otros personas que no son parientes	25-34 ańos	Hombre	2018	2,2
Total Nacional	Canarias	Personas que no viven en un núcleo familiar pero viven con otros personas que no son parientes	25-34 ańos	Mujer	2020	4,4
Total Nacional	Canarias	Personas que no viven en un núcleo familiar pero viven con otros personas que no son parientes	25-34 ańos	Mujer	2019	4,7
Total Nacional	Canarias	Personas que no viven en un núcleo familiar pero viven con otros personas que no son parientes	25-34 ańos	Mujer	2018	7,8
Total Nacional	Cantabria	Personas que conviven con su cónyuge	25-34 ańos	Hombre	2020	4,1
Total Nacional	Cantabria	Personas que conviven con su cónyuge	25-34 ańos	Hombre	2019	5,2
Total Nacional	Cantabria	Personas que conviven con su cónyuge	25-34 ańos	Hombre	2018	4,9
Total Nacional	Cantabria	Personas que conviven con su cónyuge	25-34 ańos	Mujer	2020	6,1
Total Nacional	Cantabria	Personas que conviven con su cónyuge	25-34 ańos	Mujer	2019	7,9
Total Nacional	Cantabria	Personas que conviven con su cónyuge	25-34 ańos	Mujer	2018	8,3
Total Nacional	Cantabria	Personas que son parte de una pareja de hecho	25-34 ańos	Hombre	2020	2,6
Total Nacional	Cantabria	Personas que son parte de una pareja de hecho	25-34 ańos	Hombre	2019	5,1
Total Nacional	Cantabria	Personas que son parte de una pareja de hecho	25-34 ańos	Hombre	2018	4,8
Total Nacional	Cantabria	Personas que son parte de una pareja de hecho	25-34 ańos	Mujer	2020	3,6
Total Nacional	Cantabria	Personas que son parte de una pareja de hecho	25-34 ańos	Mujer	2019	5,9
Total Nacional	Cantabria	Personas que son parte de una pareja de hecho	25-34 ańos	Mujer	2018	7,2
Total Nacional	Cantabria	Personas que no conviven en pareja pero forman núcleo con algún hijo	25-34 ańos	Hombre	2020	0,1
Total Nacional	Cantabria	Personas que no conviven en pareja pero forman núcleo con algún hijo	25-34 ańos	Hombre	2019	0,3
Total Nacional	Cantabria	Personas que no conviven en pareja pero forman núcleo con algún hijo	25-34 ańos	Hombre	2018	0,6
Total Nacional	Cantabria	Personas que no conviven en pareja pero forman núcleo con algún hijo	25-34 ańos	Mujer	2020	1,9
Total Nacional	Cantabria	Personas que no conviven en pareja pero forman núcleo con algún hijo	25-34 ańos	Mujer	2019	1,6
Total Nacional	Cantabria	Personas que no conviven en pareja pero forman núcleo con algún hijo	25-34 ańos	Mujer	2018	1,2
Total Nacional	Cantabria	Hijos/Hijas no del padre o madre solos	25-34 ańos	Hombre	2020	9,7
Total Nacional	Cantabria	Hijos/Hijas no del padre o madre solos	25-34 ańos	Hombre	2019	11,4
Total Nacional	Cantabria	Hijos/Hijas no del padre o madre solos	25-34 ańos	Hombre	2018	9,5
Total Nacional	Cantabria	Hijos/Hijas no del padre o madre solos	25-34 ańos	Mujer	2020	6,5
Total Nacional	Cantabria	Hijos/Hijas no del padre o madre solos	25-34 ańos	Mujer	2019	5,6
Total Nacional	Cantabria	Hijos/Hijas no del padre o madre solos	25-34 ańos	Mujer	2018	7,0
Total Nacional	Cantabria	Hijos/Hijas del padre o madre solos	25-34 ańos	Hombre	2020	4,2
Total Nacional	Cantabria	Hijos/Hijas del padre o madre solos	25-34 ańos	Hombre	2019	2,7
Total Nacional	Cantabria	Hijos/Hijas del padre o madre solos	25-34 ańos	Hombre	2018	4,7
Total Nacional	Cantabria	Hijos/Hijas del padre o madre solos	25-34 ańos	Mujer	2020	2,2
Total Nacional	Cantabria	Hijos/Hijas del padre o madre solos	25-34 ańos	Mujer	2019	3,1
Total Nacional	Cantabria	Hijos/Hijas del padre o madre solos	25-34 ańos	Mujer	2018	2,0
Total Nacional	Cantabria	Personas que viven solas	25-34 ańos	Hombre	2020	4,8
Total Nacional	Cantabria	Personas que viven solas	25-34 ańos	Hombre	2019	3,2
Total Nacional	Cantabria	Personas que viven solas	25-34 ańos	Hombre	2018	3,5
Total Nacional	Cantabria	Personas que viven solas	25-34 ańos	Mujer	2020	3,5
Total Nacional	Cantabria	Personas que viven solas	25-34 ańos	Mujer	2019	3,2
Total Nacional	Cantabria	Personas que viven solas	25-34 ańos	Mujer	2018	2,4
Total Nacional	Cantabria	Personas que no viven en un núcleo familiar pero viven con otros parientes	25-34 ańos	Hombre	2020	1,4
Total Nacional	Cantabria	Personas que no viven en un núcleo familiar pero viven con otros parientes	25-34 ańos	Hombre	2019	0,6
Total Nacional	Cantabria	Personas que no viven en un núcleo familiar pero viven con otros parientes	25-34 ańos	Hombre	2018	0,2
Total Nacional	Cantabria	Personas que no viven en un núcleo familiar pero viven con otros parientes	25-34 ańos	Mujer	2020	1,6
Total Nacional	Cantabria	Personas que no viven en un núcleo familiar pero viven con otros parientes	25-34 ańos	Mujer	2019	0,5
Total Nacional	Cantabria	Personas que no viven en un núcleo familiar pero viven con otros parientes	25-34 ańos	Mujer	2018	..
Total Nacional	Cantabria	Personas que no viven en un núcleo familiar pero viven con otros personas que no son parientes	25-34 ańos	Hombre	2020	1,0
Total Nacional	Cantabria	Personas que no viven en un núcleo familiar pero viven con otros personas que no son parientes	25-34 ańos	Hombre	2019	0,2
Total Nacional	Cantabria	Personas que no viven en un núcleo familiar pero viven con otros personas que no son parientes	25-34 ańos	Hombre	2018	1,4
Total Nacional	Cantabria	Personas que no viven en un núcleo familiar pero viven con otros personas que no son parientes	25-34 ańos	Mujer	2020	1,8
Total Nacional	Cantabria	Personas que no viven en un núcleo familiar pero viven con otros personas que no son parientes	25-34 ańos	Mujer	2019	0,2
Total Nacional	Cantabria	Personas que no viven en un núcleo familiar pero viven con otros personas que no son parientes	25-34 ańos	Mujer	2018	0,8
Total Nacional	Castilla y León	Personas que conviven con su cónyuge	25-34 ańos	Hombre	2020	11,4
Total Nacional	Castilla y León	Personas que conviven con su cónyuge	25-34 ańos	Hombre	2019	17,4
Total Nacional	Castilla y León	Personas que conviven con su cónyuge	25-34 ańos	Hombre	2018	16,5
Total Nacional	Castilla y León	Personas que conviven con su cónyuge	25-34 ańos	Mujer	2020	19,2
Total Nacional	Castilla y León	Personas que conviven con su cónyuge	25-34 ańos	Mujer	2019	27,5
Total Nacional	Castilla y León	Personas que conviven con su cónyuge	25-34 ańos	Mujer	2018	29,0
Total Nacional	Castilla y León	Personas que son parte de una pareja de hecho	25-34 ańos	Hombre	2020	18,2
Total Nacional	Castilla y León	Personas que son parte de una pareja de hecho	25-34 ańos	Hombre	2019	15,2
Total Nacional	Castilla y León	Personas que son parte de una pareja de hecho	25-34 ańos	Hombre	2018	19,9
Total Nacional	Castilla y León	Personas que son parte de una pareja de hecho	25-34 ańos	Mujer	2020	24,3
Total Nacional	Castilla y León	Personas que son parte de una pareja de hecho	25-34 ańos	Mujer	2019	18,3
Total Nacional	Castilla y León	Personas que son parte de una pareja de hecho	25-34 ańos	Mujer	2018	23,7
Total Nacional	Castilla y León	Personas que no conviven en pareja pero forman núcleo con algún hijo	25-34 ańos	Hombre	2020	..
Total Nacional	Castilla y León	Personas que no conviven en pareja pero forman núcleo con algún hijo	25-34 ańos	Hombre	2019	1,0
Total Nacional	Castilla y León	Personas que no conviven en pareja pero forman núcleo con algún hijo	25-34 ańos	Hombre	2018	..
Total Nacional	Castilla y León	Personas que no conviven en pareja pero forman núcleo con algún hijo	25-34 ańos	Mujer	2020	4,8
Total Nacional	Castilla y León	Personas que no conviven en pareja pero forman núcleo con algún hijo	25-34 ańos	Mujer	2019	3,3
Total Nacional	Castilla y León	Personas que no conviven en pareja pero forman núcleo con algún hijo	25-34 ańos	Mujer	2018	5,3
Total Nacional	Castilla y León	Hijos/Hijas no del padre o madre solos	25-34 ańos	Hombre	2020	50,0
Total Nacional	Castilla y León	Hijos/Hijas no del padre o madre solos	25-34 ańos	Hombre	2019	45,6
Total Nacional	Castilla y León	Hijos/Hijas no del padre o madre solos	25-34 ańos	Hombre	2018	43,6
Total Nacional	Castilla y León	Hijos/Hijas no del padre o madre solos	25-34 ańos	Mujer	2020	31,0
Total Nacional	Castilla y León	Hijos/Hijas no del padre o madre solos	25-34 ańos	Mujer	2019	35,0
Total Nacional	Castilla y León	Hijos/Hijas no del padre o madre solos	25-34 ańos	Mujer	2018	29,4
Total Nacional	Castilla y León	Hijos/Hijas del padre o madre solos	25-34 ańos	Hombre	2020	14,7
Total Nacional	Castilla y León	Hijos/Hijas del padre o madre solos	25-34 ańos	Hombre	2019	16,6
Total Nacional	Castilla y León	Hijos/Hijas del padre o madre solos	25-34 ańos	Hombre	2018	17,5
Total Nacional	Castilla y León	Hijos/Hijas del padre o madre solos	25-34 ańos	Mujer	2020	13,3
Total Nacional	Castilla y León	Hijos/Hijas del padre o madre solos	25-34 ańos	Mujer	2019	12,3
Total Nacional	Castilla y León	Hijos/Hijas del padre o madre solos	25-34 ańos	Mujer	2018	10,8
Total Nacional	Castilla y León	Personas que viven solas	25-34 ańos	Hombre	2020	13,5
Total Nacional	Castilla y León	Personas que viven solas	25-34 ańos	Hombre	2019	14,3
Total Nacional	Castilla y León	Personas que viven solas	25-34 ańos	Hombre	2018	14,1
Total Nacional	Castilla y León	Personas que viven solas	25-34 ańos	Mujer	2020	13,8
Total Nacional	Castilla y León	Personas que viven solas	25-34 ańos	Mujer	2019	10,5
Total Nacional	Castilla y León	Personas que viven solas	25-34 ańos	Mujer	2018	11,6
Total Nacional	Castilla y León	Personas que no viven en un núcleo familiar pero viven con otros parientes	25-34 ańos	Hombre	2020	6,1
Total Nacional	Castilla y León	Personas que no viven en un núcleo familiar pero viven con otros parientes	25-34 ańos	Hombre	2019	3,4
Total Nacional	Castilla y León	Personas que no viven en un núcleo familiar pero viven con otros parientes	25-34 ańos	Hombre	2018	6,2
Total Nacional	Castilla y León	Personas que no viven en un núcleo familiar pero viven con otros parientes	25-34 ańos	Mujer	2020	1,4
Total Nacional	Castilla y León	Personas que no viven en un núcleo familiar pero viven con otros parientes	25-34 ańos	Mujer	2019	2,2
Total Nacional	Castilla y León	Personas que no viven en un núcleo familiar pero viven con otros parientes	25-34 ańos	Mujer	2018	2,2
Total Nacional	Castilla y León	Personas que no viven en un núcleo familiar pero viven con otros personas que no son parientes	25-34 ańos	Hombre	2020	0,2
Total Nacional	Castilla y León	Personas que no viven en un núcleo familiar pero viven con otros personas que no son parientes	25-34 ańos	Hombre	2019	3,5
Total Nacional	Castilla y León	Personas que no viven en un núcleo familiar pero viven con otros personas que no son parientes	25-34 ańos	Hombre	2018	2,8
Total Nacional	Castilla y León	Personas que no viven en un núcleo familiar pero viven con otros personas que no son parientes	25-34 ańos	Mujer	2020	0,9
Total Nacional	Castilla y León	Personas que no viven en un núcleo familiar pero viven con otros personas que no son parientes	25-34 ańos	Mujer	2019	2,5
Total Nacional	Castilla y León	Personas que no viven en un núcleo familiar pero viven con otros personas que no son parientes	25-34 ańos	Mujer	2018	3,3
Total Nacional	Castilla - La Mancha	Personas que conviven con su cónyuge	25-34 ańos	Hombre	2020	15,8
Total Nacional	Castilla - La Mancha	Personas que conviven con su cónyuge	25-34 ańos	Hombre	2019	20,3
Total Nacional	Castilla - La Mancha	Personas que conviven con su cónyuge	25-34 ańos	Hombre	2018	17,7
Total Nacional	Castilla - La Mancha	Personas que conviven con su cónyuge	25-34 ańos	Mujer	2020	31,5
Total Nacional	Castilla - La Mancha	Personas que conviven con su cónyuge	25-34 ańos	Mujer	2019	28,9
Total Nacional	Castilla - La Mancha	Personas que conviven con su cónyuge	25-34 ańos	Mujer	2018	35,1
Total Nacional	Castilla - La Mancha	Personas que son parte de una pareja de hecho	25-34 ańos	Hombre	2020	18,5
Total Nacional	Castilla - La Mancha	Personas que son parte de una pareja de hecho	25-34 ańos	Hombre	2019	20,6
Total Nacional	Castilla - La Mancha	Personas que son parte de una pareja de hecho	25-34 ańos	Hombre	2018	19,3
Total Nacional	Castilla - La Mancha	Personas que son parte de una pareja de hecho	25-34 ańos	Mujer	2020	25,2
Total Nacional	Castilla - La Mancha	Personas que son parte de una pareja de hecho	25-34 ańos	Mujer	2019	26,0
Total Nacional	Castilla - La Mancha	Personas que son parte de una pareja de hecho	25-34 ańos	Mujer	2018	19,6
Total Nacional	Castilla - La Mancha	Personas que no conviven en pareja pero forman núcleo con algún hijo	25-34 ańos	Hombre	2020	0,7
Total Nacional	Castilla - La Mancha	Personas que no conviven en pareja pero forman núcleo con algún hijo	25-34 ańos	Hombre	2019	..
Total Nacional	Castilla - La Mancha	Personas que no conviven en pareja pero forman núcleo con algún hijo	25-34 ańos	Hombre	2018	0,9
Total Nacional	Castilla - La Mancha	Personas que no conviven en pareja pero forman núcleo con algún hijo	25-34 ańos	Mujer	2020	5,5
Total Nacional	Castilla - La Mancha	Personas que no conviven en pareja pero forman núcleo con algún hijo	25-34 ańos	Mujer	2019	4,1
Total Nacional	Castilla - La Mancha	Personas que no conviven en pareja pero forman núcleo con algún hijo	25-34 ańos	Mujer	2018	7,5
Total Nacional	Castilla - La Mancha	Hijos/Hijas no del padre o madre solos	25-34 ańos	Hombre	2020	48,8
Total Nacional	Castilla - La Mancha	Hijos/Hijas no del padre o madre solos	25-34 ańos	Hombre	2019	43,7
Total Nacional	Castilla - La Mancha	Hijos/Hijas no del padre o madre solos	25-34 ańos	Hombre	2018	45,7
Total Nacional	Castilla - La Mancha	Hijos/Hijas no del padre o madre solos	25-34 ańos	Mujer	2020	27,1
Total Nacional	Castilla - La Mancha	Hijos/Hijas no del padre o madre solos	25-34 ańos	Mujer	2019	29,0
Total Nacional	Castilla - La Mancha	Hijos/Hijas no del padre o madre solos	25-34 ańos	Mujer	2018	33,4
Total Nacional	Castilla - La Mancha	Hijos/Hijas del padre o madre solos	25-34 ańos	Hombre	2020	13,6
Total Nacional	Castilla - La Mancha	Hijos/Hijas del padre o madre solos	25-34 ańos	Hombre	2019	10,4
Total Nacional	Castilla - La Mancha	Hijos/Hijas del padre o madre solos	25-34 ańos	Hombre	2018	10,6
Total Nacional	Castilla - La Mancha	Hijos/Hijas del padre o madre solos	25-34 ańos	Mujer	2020	12,2
Total Nacional	Castilla - La Mancha	Hijos/Hijas del padre o madre solos	25-34 ańos	Mujer	2019	11,1
Total Nacional	Castilla - La Mancha	Hijos/Hijas del padre o madre solos	25-34 ańos	Mujer	2018	9,2
Total Nacional	Castilla - La Mancha	Personas que viven solas	25-34 ańos	Hombre	2020	14,1
Total Nacional	Castilla - La Mancha	Personas que viven solas	25-34 ańos	Hombre	2019	13,7
Total Nacional	Castilla - La Mancha	Personas que viven solas	25-34 ańos	Hombre	2018	17,4
Total Nacional	Castilla - La Mancha	Personas que viven solas	25-34 ańos	Mujer	2020	3,9
Total Nacional	Castilla - La Mancha	Personas que viven solas	25-34 ańos	Mujer	2019	6,7
Total Nacional	Castilla - La Mancha	Personas que viven solas	25-34 ańos	Mujer	2018	5,5
Total Nacional	Castilla - La Mancha	Personas que no viven en un núcleo familiar pero viven con otros parientes	25-34 ańos	Hombre	2020	4,3
Total Nacional	Castilla - La Mancha	Personas que no viven en un núcleo familiar pero viven con otros parientes	25-34 ańos	Hombre	2019	7,4
Total Nacional	Castilla - La Mancha	Personas que no viven en un núcleo familiar pero viven con otros parientes	25-34 ańos	Hombre	2018	5,5
Total Nacional	Castilla - La Mancha	Personas que no viven en un núcleo familiar pero viven con otros parientes	25-34 ańos	Mujer	2020	2,5
Total Nacional	Castilla - La Mancha	Personas que no viven en un núcleo familiar pero viven con otros parientes	25-34 ańos	Mujer	2019	2,0
Total Nacional	Castilla - La Mancha	Personas que no viven en un núcleo familiar pero viven con otros parientes	25-34 ańos	Mujer	2018	3,6
Total Nacional	Castilla - La Mancha	Personas que no viven en un núcleo familiar pero viven con otros personas que no son parientes	25-34 ańos	Hombre	2020	2,5
Total Nacional	Castilla - La Mancha	Personas que no viven en un núcleo familiar pero viven con otros personas que no son parientes	25-34 ańos	Hombre	2019	2,8
Total Nacional	Castilla - La Mancha	Personas que no viven en un núcleo familiar pero viven con otros personas que no son parientes	25-34 ańos	Hombre	2018	3,7
Total Nacional	Castilla - La Mancha	Personas que no viven en un núcleo familiar pero viven con otros personas que no son parientes	25-34 ańos	Mujer	2020	3,2
Total Nacional	Castilla - La Mancha	Personas que no viven en un núcleo familiar pero viven con otros personas que no son parientes	25-34 ańos	Mujer	2019	4,5
Total Nacional	Castilla - La Mancha	Personas que no viven en un núcleo familiar pero viven con otros personas que no son parientes	25-34 ańos	Mujer	2018	0,8
Total Nacional	Cataluńa	Personas que conviven con su cónyuge	25-34 ańos	Hombre	2020	83,2
Total Nacional	Cataluńa	Personas que conviven con su cónyuge	25-34 ańos	Hombre	2019	76,4
Total Nacional	Cataluńa	Personas que conviven con su cónyuge	25-34 ańos	Hombre	2018	69,6
Total Nacional	Cataluńa	Personas que conviven con su cónyuge	25-34 ańos	Mujer	2020	96,8
Total Nacional	Cataluńa	Personas que conviven con su cónyuge	25-34 ańos	Mujer	2019	127,7
Total Nacional	Cataluńa	Personas que conviven con su cónyuge	25-34 ańos	Mujer	2018	131,8
Total Nacional	Cataluńa	Personas que son parte de una pareja de hecho	25-34 ańos	Hombre	2020	106,3
Total Nacional	Cataluńa	Personas que son parte de una pareja de hecho	25-34 ańos	Hombre	2019	106,8
Total Nacional	Cataluńa	Personas que son parte de una pareja de hecho	25-34 ańos	Hombre	2018	106,4
Total Nacional	Cataluńa	Personas que son parte de una pareja de hecho	25-34 ańos	Mujer	2020	128,2
Total Nacional	Cataluńa	Personas que son parte de una pareja de hecho	25-34 ańos	Mujer	2019	120,1
Total Nacional	Cataluńa	Personas que son parte de una pareja de hecho	25-34 ańos	Mujer	2018	113,1
Total Nacional	Cataluńa	Personas que no conviven en pareja pero forman núcleo con algún hijo	25-34 ańos	Hombre	2020	1,9
Total Nacional	Cataluńa	Personas que no conviven en pareja pero forman núcleo con algún hijo	25-34 ańos	Hombre	2019	3,6
Total Nacional	Cataluńa	Personas que no conviven en pareja pero forman núcleo con algún hijo	25-34 ańos	Hombre	2018	2,3
Total Nacional	Cataluńa	Personas que no conviven en pareja pero forman núcleo con algún hijo	25-34 ańos	Mujer	2020	23,0
Total Nacional	Cataluńa	Personas que no conviven en pareja pero forman núcleo con algún hijo	25-34 ańos	Mujer	2019	12,4
Total Nacional	Cataluńa	Personas que no conviven en pareja pero forman núcleo con algún hijo	25-34 ańos	Mujer	2018	18,2
Total Nacional	Cataluńa	Hijos/Hijas no del padre o madre solos	25-34 ańos	Hombre	2020	110,6
Total Nacional	Cataluńa	Hijos/Hijas no del padre o madre solos	25-34 ańos	Hombre	2019	110,2
Total Nacional	Cataluńa	Hijos/Hijas no del padre o madre solos	25-34 ańos	Hombre	2018	116,1
Total Nacional	Cataluńa	Hijos/Hijas no del padre o madre solos	25-34 ańos	Mujer	2020	83,0
Total Nacional	Cataluńa	Hijos/Hijas no del padre o madre solos	25-34 ańos	Mujer	2019	72,2
Total Nacional	Cataluńa	Hijos/Hijas no del padre o madre solos	25-34 ańos	Mujer	2018	78,5
Total Nacional	Cataluńa	Hijos/Hijas del padre o madre solos	25-34 ańos	Hombre	2020	43,6
Total Nacional	Cataluńa	Hijos/Hijas del padre o madre solos	25-34 ańos	Hombre	2019	36,3
Total Nacional	Cataluńa	Hijos/Hijas del padre o madre solos	25-34 ańos	Hombre	2018	41,2
Total Nacional	Cataluńa	Hijos/Hijas del padre o madre solos	25-34 ańos	Mujer	2020	35,8
Total Nacional	Cataluńa	Hijos/Hijas del padre o madre solos	25-34 ańos	Mujer	2019	28,9
Total Nacional	Cataluńa	Hijos/Hijas del padre o madre solos	25-34 ańos	Mujer	2018	19,6
Total Nacional	Cataluńa	Personas que viven solas	25-34 ańos	Hombre	2020	44,1
Total Nacional	Cataluńa	Personas que viven solas	25-34 ańos	Hombre	2019	48,5
Total Nacional	Cataluńa	Personas que viven solas	25-34 ańos	Hombre	2018	51,2
Total Nacional	Cataluńa	Personas que viven solas	25-34 ańos	Mujer	2020	31,4
Total Nacional	Cataluńa	Personas que viven solas	25-34 ańos	Mujer	2019	39,9
Total Nacional	Cataluńa	Personas que viven solas	25-34 ańos	Mujer	2018	37,5
Total Nacional	Cataluńa	Personas que no viven en un núcleo familiar pero viven con otros parientes	25-34 ańos	Hombre	2020	18,4
Total Nacional	Cataluńa	Personas que no viven en un núcleo familiar pero viven con otros parientes	25-34 ańos	Hombre	2019	19,7
Total Nacional	Cataluńa	Personas que no viven en un núcleo familiar pero viven con otros parientes	25-34 ańos	Hombre	2018	10,7
Total Nacional	Cataluńa	Personas que no viven en un núcleo familiar pero viven con otros parientes	25-34 ańos	Mujer	2020	10,7
Total Nacional	Cataluńa	Personas que no viven en un núcleo familiar pero viven con otros parientes	25-34 ańos	Mujer	2019	17,5
Total Nacional	Cataluńa	Personas que no viven en un núcleo familiar pero viven con otros parientes	25-34 ańos	Mujer	2018	9,9
Total Nacional	Cataluńa	Personas que no viven en un núcleo familiar pero viven con otros personas que no son parientes	25-34 ańos	Hombre	2020	28,0
Total Nacional	Cataluńa	Personas que no viven en un núcleo familiar pero viven con otros personas que no son parientes	25-34 ańos	Hombre	2019	28,9
Total Nacional	Cataluńa	Personas que no viven en un núcleo familiar pero viven con otros personas que no son parientes	25-34 ańos	Hombre	2018	21,7
Total Nacional	Cataluńa	Personas que no viven en un núcleo familiar pero viven con otros personas que no son parientes	25-34 ańos	Mujer	2020	29,9
Total Nacional	Cataluńa	Personas que no viven en un núcleo familiar pero viven con otros personas que no son parientes	25-34 ańos	Mujer	2019	20,0
Total Nacional	Cataluńa	Personas que no viven en un núcleo familiar pero viven con otros personas que no son parientes	25-34 ańos	Mujer	2018	25,0
Total Nacional	Comunitat Valenciana	Personas que conviven con su cónyuge	25-34 ańos	Hombre	2020	42,1
Total Nacional	Comunitat Valenciana	Personas que conviven con su cónyuge	25-34 ańos	Hombre	2019	47,2
Total Nacional	Comunitat Valenciana	Personas que conviven con su cónyuge	25-34 ańos	Hombre	2018	49,6
Total Nacional	Comunitat Valenciana	Personas que conviven con su cónyuge	25-34 ańos	Mujer	2020	68,4
Total Nacional	Comunitat Valenciana	Personas que conviven con su cónyuge	25-34 ańos	Mujer	2019	82,5
Total Nacional	Comunitat Valenciana	Personas que conviven con su cónyuge	25-34 ańos	Mujer	2018	85,4
Total Nacional	Comunitat Valenciana	Personas que son parte de una pareja de hecho	25-34 ańos	Hombre	2020	51,4
Total Nacional	Comunitat Valenciana	Personas que son parte de una pareja de hecho	25-34 ańos	Hombre	2019	54,8
Total Nacional	Comunitat Valenciana	Personas que son parte de una pareja de hecho	25-34 ańos	Hombre	2018	43,0
Total Nacional	Comunitat Valenciana	Personas que son parte de una pareja de hecho	25-34 ańos	Mujer	2020	63,4
Total Nacional	Comunitat Valenciana	Personas que son parte de una pareja de hecho	25-34 ańos	Mujer	2019	61,0
Total Nacional	Comunitat Valenciana	Personas que son parte de una pareja de hecho	25-34 ańos	Mujer	2018	46,7
Total Nacional	Comunitat Valenciana	Personas que no conviven en pareja pero forman núcleo con algún hijo	25-34 ańos	Hombre	2020	3,5
Total Nacional	Comunitat Valenciana	Personas que no conviven en pareja pero forman núcleo con algún hijo	25-34 ańos	Hombre	2019	..
Total Nacional	Comunitat Valenciana	Personas que no conviven en pareja pero forman núcleo con algún hijo	25-34 ańos	Hombre	2018	1,2
Total Nacional	Comunitat Valenciana	Personas que no conviven en pareja pero forman núcleo con algún hijo	25-34 ańos	Mujer	2020	13,7
Total Nacional	Comunitat Valenciana	Personas que no conviven en pareja pero forman núcleo con algún hijo	25-34 ańos	Mujer	2019	12,6
Total Nacional	Comunitat Valenciana	Personas que no conviven en pareja pero forman núcleo con algún hijo	25-34 ańos	Mujer	2018	18,7
Total Nacional	Comunitat Valenciana	Hijos/Hijas no del padre o madre solos	25-34 ańos	Hombre	2020	81,5
Total Nacional	Comunitat Valenciana	Hijos/Hijas no del padre o madre solos	25-34 ańos	Hombre	2019	93,1
Total Nacional	Comunitat Valenciana	Hijos/Hijas no del padre o madre solos	25-34 ańos	Hombre	2018	86,0
Total Nacional	Comunitat Valenciana	Hijos/Hijas no del padre o madre solos	25-34 ańos	Mujer	2020	57,6
Total Nacional	Comunitat Valenciana	Hijos/Hijas no del padre o madre solos	25-34 ańos	Mujer	2019	58,7
Total Nacional	Comunitat Valenciana	Hijos/Hijas no del padre o madre solos	25-34 ańos	Mujer	2018	63,1
Total Nacional	Comunitat Valenciana	Hijos/Hijas del padre o madre solos	25-34 ańos	Hombre	2020	38,9
Total Nacional	Comunitat Valenciana	Hijos/Hijas del padre o madre solos	25-34 ańos	Hombre	2019	29,6
Total Nacional	Comunitat Valenciana	Hijos/Hijas del padre o madre solos	25-34 ańos	Hombre	2018	35,6
Total Nacional	Comunitat Valenciana	Hijos/Hijas del padre o madre solos	25-34 ańos	Mujer	2020	22,8
Total Nacional	Comunitat Valenciana	Hijos/Hijas del padre o madre solos	25-34 ańos	Mujer	2019	21,6
Total Nacional	Comunitat Valenciana	Hijos/Hijas del padre o madre solos	25-34 ańos	Mujer	2018	15,9
Total Nacional	Comunitat Valenciana	Personas que viven solas	25-34 ańos	Hombre	2020	40,8
Total Nacional	Comunitat Valenciana	Personas que viven solas	25-34 ańos	Hombre	2019	29,6
Total Nacional	Comunitat Valenciana	Personas que viven solas	25-34 ańos	Hombre	2018	32,8
Total Nacional	Comunitat Valenciana	Personas que viven solas	25-34 ańos	Mujer	2020	26,4
Total Nacional	Comunitat Valenciana	Personas que viven solas	25-34 ańos	Mujer	2019	16,3
Total Nacional	Comunitat Valenciana	Personas que viven solas	25-34 ańos	Mujer	2018	22,0
Total Nacional	Comunitat Valenciana	Personas que no viven en un núcleo familiar pero viven con otros parientes	25-34 ańos	Hombre	2020	5,0
Total Nacional	Comunitat Valenciana	Personas que no viven en un núcleo familiar pero viven con otros parientes	25-34 ańos	Hombre	2019	13,2
Total Nacional	Comunitat Valenciana	Personas que no viven en un núcleo familiar pero viven con otros parientes	25-34 ańos	Hombre	2018	12,3
Total Nacional	Comunitat Valenciana	Personas que no viven en un núcleo familiar pero viven con otros parientes	25-34 ańos	Mujer	2020	9,2
Total Nacional	Comunitat Valenciana	Personas que no viven en un núcleo familiar pero viven con otros parientes	25-34 ańos	Mujer	2019	8,2
Total Nacional	Comunitat Valenciana	Personas que no viven en un núcleo familiar pero viven con otros parientes	25-34 ańos	Mujer	2018	9,6
Total Nacional	Comunitat Valenciana	Personas que no viven en un núcleo familiar pero viven con otros personas que no son parientes	25-34 ańos	Hombre	2020	8,9
Total Nacional	Comunitat Valenciana	Personas que no viven en un núcleo familiar pero viven con otros personas que no son parientes	25-34 ańos	Hombre	2019	4,7
Total Nacional	Comunitat Valenciana	Personas que no viven en un núcleo familiar pero viven con otros personas que no son parientes	25-34 ańos	Hombre	2018	11,4
Total Nacional	Comunitat Valenciana	Personas que no viven en un núcleo familiar pero viven con otros personas que no son parientes	25-34 ańos	Mujer	2020	7,0
Total Nacional	Comunitat Valenciana	Personas que no viven en un núcleo familiar pero viven con otros personas que no son parientes	25-34 ańos	Mujer	2019	9,0
Total Nacional	Comunitat Valenciana	Personas que no viven en un núcleo familiar pero viven con otros personas que no son parientes	25-34 ańos	Mujer	2018	9,6
Total Nacional	Extremadura	Personas que conviven con su cónyuge	25-34 ańos	Hombre	2020	5,5
Total Nacional	Extremadura	Personas que conviven con su cónyuge	25-34 ańos	Hombre	2019	7,8
Total Nacional	Extremadura	Personas que conviven con su cónyuge	25-34 ańos	Hombre	2018	10,4
Total Nacional	Extremadura	Personas que conviven con su cónyuge	25-34 ańos	Mujer	2020	11,4
Total Nacional	Extremadura	Personas que conviven con su cónyuge	25-34 ańos	Mujer	2019	13,7
Total Nacional	Extremadura	Personas que conviven con su cónyuge	25-34 ańos	Mujer	2018	16,1
Total Nacional	Extremadura	Personas que son parte de una pareja de hecho	25-34 ańos	Hombre	2020	10,2
Total Nacional	Extremadura	Personas que son parte de una pareja de hecho	25-34 ańos	Hombre	2019	11,2
Total Nacional	Extremadura	Personas que son parte de una pareja de hecho	25-34 ańos	Hombre	2018	11,4
Total Nacional	Extremadura	Personas que son parte de una pareja de hecho	25-34 ańos	Mujer	2020	11,8
Total Nacional	Extremadura	Personas que son parte de una pareja de hecho	25-34 ańos	Mujer	2019	12,6
Total Nacional	Extremadura	Personas que son parte de una pareja de hecho	25-34 ańos	Mujer	2018	11,5
Total Nacional	Extremadura	Personas que no conviven en pareja pero forman núcleo con algún hijo	25-34 ańos	Hombre	2020	..
Total Nacional	Extremadura	Personas que no conviven en pareja pero forman núcleo con algún hijo	25-34 ańos	Hombre	2019	0,5
Total Nacional	Extremadura	Personas que no conviven en pareja pero forman núcleo con algún hijo	25-34 ańos	Hombre	2018	0,3
Total Nacional	Extremadura	Personas que no conviven en pareja pero forman núcleo con algún hijo	25-34 ańos	Mujer	2020	2,7
Total Nacional	Extremadura	Personas que no conviven en pareja pero forman núcleo con algún hijo	25-34 ańos	Mujer	2019	1,9
Total Nacional	Extremadura	Personas que no conviven en pareja pero forman núcleo con algún hijo	25-34 ańos	Mujer	2018	4,7
Total Nacional	Extremadura	Hijos/Hijas no del padre o madre solos	25-34 ańos	Hombre	2020	26,0
Total Nacional	Extremadura	Hijos/Hijas no del padre o madre solos	25-34 ańos	Hombre	2019	23,9
Total Nacional	Extremadura	Hijos/Hijas no del padre o madre solos	25-34 ańos	Hombre	2018	23,8
Total Nacional	Extremadura	Hijos/Hijas no del padre o madre solos	25-34 ańos	Mujer	2020	17,0
Total Nacional	Extremadura	Hijos/Hijas no del padre o madre solos	25-34 ańos	Mujer	2019	18,3
Total Nacional	Extremadura	Hijos/Hijas no del padre o madre solos	25-34 ańos	Mujer	2018	16,7
Total Nacional	Extremadura	Hijos/Hijas del padre o madre solos	25-34 ańos	Hombre	2020	7,3
Total Nacional	Extremadura	Hijos/Hijas del padre o madre solos	25-34 ańos	Hombre	2019	8,7
Total Nacional	Extremadura	Hijos/Hijas del padre o madre solos	25-34 ańos	Hombre	2018	6,6
Total Nacional	Extremadura	Hijos/Hijas del padre o madre solos	25-34 ańos	Mujer	2020	5,9
Total Nacional	Extremadura	Hijos/Hijas del padre o madre solos	25-34 ańos	Mujer	2019	4,1
Total Nacional	Extremadura	Hijos/Hijas del padre o madre solos	25-34 ańos	Mujer	2018	5,3
Total Nacional	Extremadura	Personas que viven solas	25-34 ańos	Hombre	2020	9,8
Total Nacional	Extremadura	Personas que viven solas	25-34 ańos	Hombre	2019	7,9
Total Nacional	Extremadura	Personas que viven solas	25-34 ańos	Hombre	2018	8,0
Total Nacional	Extremadura	Personas que viven solas	25-34 ańos	Mujer	2020	7,9
Total Nacional	Extremadura	Personas que viven solas	25-34 ańos	Mujer	2019	5,8
Total Nacional	Extremadura	Personas que viven solas	25-34 ańos	Mujer	2018	2,5
Total Nacional	Extremadura	Personas que no viven en un núcleo familiar pero viven con otros parientes	25-34 ańos	Hombre	2020	1,5
Total Nacional	Extremadura	Personas que no viven en un núcleo familiar pero viven con otros parientes	25-34 ańos	Hombre	2019	1,8
Total Nacional	Extremadura	Personas que no viven en un núcleo familiar pero viven con otros parientes	25-34 ańos	Hombre	2018	2,7
Total Nacional	Extremadura	Personas que no viven en un núcleo familiar pero viven con otros parientes	25-34 ańos	Mujer	2020	0,8
Total Nacional	Extremadura	Personas que no viven en un núcleo familiar pero viven con otros parientes	25-34 ańos	Mujer	2019	2,2
Total Nacional	Extremadura	Personas que no viven en un núcleo familiar pero viven con otros parientes	25-34 ańos	Mujer	2018	2,4
Total Nacional	Extremadura	Personas que no viven en un núcleo familiar pero viven con otros personas que no son parientes	25-34 ańos	Hombre	2020	1,2
Total Nacional	Extremadura	Personas que no viven en un núcleo familiar pero viven con otros personas que no son parientes	25-34 ańos	Hombre	2019	1,0
Total Nacional	Extremadura	Personas que no viven en un núcleo familiar pero viven con otros personas que no son parientes	25-34 ańos	Hombre	2018	1,4
Total Nacional	Extremadura	Personas que no viven en un núcleo familiar pero viven con otros personas que no son parientes	25-34 ańos	Mujer	2020	1,0
Total Nacional	Extremadura	Personas que no viven en un núcleo familiar pero viven con otros personas que no son parientes	25-34 ańos	Mujer	2019	1,0
Total Nacional	Extremadura	Personas que no viven en un núcleo familiar pero viven con otros personas que no son parientes	25-34 ańos	Mujer	2018	1,7
Total Nacional	Galicia	Personas que conviven con su cónyuge	25-34 ańos	Hombre	2020	19,3
Total Nacional	Galicia	Personas que conviven con su cónyuge	25-34 ańos	Hombre	2019	17,8
Total Nacional	Galicia	Personas que conviven con su cónyuge	25-34 ańos	Hombre	2018	19,3
Total Nacional	Galicia	Personas que conviven con su cónyuge	25-34 ańos	Mujer	2020	29,1
Total Nacional	Galicia	Personas que conviven con su cónyuge	25-34 ańos	Mujer	2019	27,4
Total Nacional	Galicia	Personas que conviven con su cónyuge	25-34 ańos	Mujer	2018	27,6
Total Nacional	Galicia	Personas que son parte de una pareja de hecho	25-34 ańos	Hombre	2020	22,4
Total Nacional	Galicia	Personas que son parte de una pareja de hecho	25-34 ańos	Hombre	2019	23,8
Total Nacional	Galicia	Personas que son parte de una pareja de hecho	25-34 ańos	Hombre	2018	21,9
Total Nacional	Galicia	Personas que son parte de una pareja de hecho	25-34 ańos	Mujer	2020	31,4
Total Nacional	Galicia	Personas que son parte de una pareja de hecho	25-34 ańos	Mujer	2019	27,8
Total Nacional	Galicia	Personas que son parte de una pareja de hecho	25-34 ańos	Mujer	2018	26,8
Total Nacional	Galicia	Personas que no conviven en pareja pero forman núcleo con algún hijo	25-34 ańos	Hombre	2020	..
Total Nacional	Galicia	Personas que no conviven en pareja pero forman núcleo con algún hijo	25-34 ańos	Hombre	2019	1,0
Total Nacional	Galicia	Personas que no conviven en pareja pero forman núcleo con algún hijo	25-34 ańos	Hombre	2018	1,2
Total Nacional	Galicia	Personas que no conviven en pareja pero forman núcleo con algún hijo	25-34 ańos	Mujer	2020	3,6
Total Nacional	Galicia	Personas que no conviven en pareja pero forman núcleo con algún hijo	25-34 ańos	Mujer	2019	6,0
Total Nacional	Galicia	Personas que no conviven en pareja pero forman núcleo con algún hijo	25-34 ańos	Mujer	2018	6,8
Total Nacional	Galicia	Hijos/Hijas no del padre o madre solos	25-34 ańos	Hombre	2020	53,8
Total Nacional	Galicia	Hijos/Hijas no del padre o madre solos	25-34 ańos	Hombre	2019	48,8
Total Nacional	Galicia	Hijos/Hijas no del padre o madre solos	25-34 ańos	Hombre	2018	55,7
Total Nacional	Galicia	Hijos/Hijas no del padre o madre solos	25-34 ańos	Mujer	2020	34,7
Total Nacional	Galicia	Hijos/Hijas no del padre o madre solos	25-34 ańos	Mujer	2019	40,6
Total Nacional	Galicia	Hijos/Hijas no del padre o madre solos	25-34 ańos	Mujer	2018	34,5
Total Nacional	Galicia	Hijos/Hijas del padre o madre solos	25-34 ańos	Hombre	2020	13,4
Total Nacional	Galicia	Hijos/Hijas del padre o madre solos	25-34 ańos	Hombre	2019	15,8
Total Nacional	Galicia	Hijos/Hijas del padre o madre solos	25-34 ańos	Hombre	2018	21,0
Total Nacional	Galicia	Hijos/Hijas del padre o madre solos	25-34 ańos	Mujer	2020	12,0
Total Nacional	Galicia	Hijos/Hijas del padre o madre solos	25-34 ańos	Mujer	2019	14,3
Total Nacional	Galicia	Hijos/Hijas del padre o madre solos	25-34 ańos	Mujer	2018	16,4
Total Nacional	Galicia	Personas que viven solas	25-34 ańos	Hombre	2020	16,7
Total Nacional	Galicia	Personas que viven solas	25-34 ańos	Hombre	2019	19,4
Total Nacional	Galicia	Personas que viven solas	25-34 ańos	Hombre	2018	10,8
Total Nacional	Galicia	Personas que viven solas	25-34 ańos	Mujer	2020	11,0
Total Nacional	Galicia	Personas que viven solas	25-34 ańos	Mujer	2019	10,4
Total Nacional	Galicia	Personas que viven solas	25-34 ańos	Mujer	2018	17,5
Total Nacional	Galicia	Personas que no viven en un núcleo familiar pero viven con otros parientes	25-34 ańos	Hombre	2020	3,0
Total Nacional	Galicia	Personas que no viven en un núcleo familiar pero viven con otros parientes	25-34 ańos	Hombre	2019	4,4
Total Nacional	Galicia	Personas que no viven en un núcleo familiar pero viven con otros parientes	25-34 ańos	Hombre	2018	5,2
Total Nacional	Galicia	Personas que no viven en un núcleo familiar pero viven con otros parientes	25-34 ańos	Mujer	2020	2,6
Total Nacional	Galicia	Personas que no viven en un núcleo familiar pero viven con otros parientes	25-34 ańos	Mujer	2019	2,7
Total Nacional	Galicia	Personas que no viven en un núcleo familiar pero viven con otros parientes	25-34 ańos	Mujer	2018	1,7
Total Nacional	Galicia	Personas que no viven en un núcleo familiar pero viven con otros personas que no son parientes	25-34 ańos	Hombre	2020	1,1
Total Nacional	Galicia	Personas que no viven en un núcleo familiar pero viven con otros personas que no son parientes	25-34 ańos	Hombre	2019	1,8
Total Nacional	Galicia	Personas que no viven en un núcleo familiar pero viven con otros personas que no son parientes	25-34 ańos	Hombre	2018	1,3
Total Nacional	Galicia	Personas que no viven en un núcleo familiar pero viven con otros personas que no son parientes	25-34 ańos	Mujer	2020	3,7
Total Nacional	Galicia	Personas que no viven en un núcleo familiar pero viven con otros personas que no son parientes	25-34 ańos	Mujer	2019	1,8
Total Nacional	Galicia	Personas que no viven en un núcleo familiar pero viven con otros personas que no son parientes	25-34 ańos	Mujer	2018	3,6
Total Nacional	Madrid, Comunidad de	Personas que conviven con su cónyuge	25-34 ańos	Hombre	2020	59,8
Total Nacional	Madrid, Comunidad de	Personas que conviven con su cónyuge	25-34 ańos	Hombre	2019	68,1
Total Nacional	Madrid, Comunidad de	Personas que conviven con su cónyuge	25-34 ańos	Hombre	2018	70,4
Total Nacional	Madrid, Comunidad de	Personas que conviven con su cónyuge	25-34 ańos	Mujer	2020	98,5
Total Nacional	Madrid, Comunidad de	Personas que conviven con su cónyuge	25-34 ańos	Mujer	2019	97,2
Total Nacional	Madrid, Comunidad de	Personas que conviven con su cónyuge	25-34 ańos	Mujer	2018	108,5
Total Nacional	Madrid, Comunidad de	Personas que son parte de una pareja de hecho	25-34 ańos	Hombre	2020	74,1
Total Nacional	Madrid, Comunidad de	Personas que son parte de una pareja de hecho	25-34 ańos	Hombre	2019	71,4
Total Nacional	Madrid, Comunidad de	Personas que son parte de una pareja de hecho	25-34 ańos	Hombre	2018	80,2
Total Nacional	Madrid, Comunidad de	Personas que son parte de una pareja de hecho	25-34 ańos	Mujer	2020	85,3
Total Nacional	Madrid, Comunidad de	Personas que son parte de una pareja de hecho	25-34 ańos	Mujer	2019	85,9
Total Nacional	Madrid, Comunidad de	Personas que son parte de una pareja de hecho	25-34 ańos	Mujer	2018	88,3
Total Nacional	Madrid, Comunidad de	Personas que no conviven en pareja pero forman núcleo con algún hijo	25-34 ańos	Hombre	2020	1,7
Total Nacional	Madrid, Comunidad de	Personas que no conviven en pareja pero forman núcleo con algún hijo	25-34 ańos	Hombre	2019	0,9
Total Nacional	Madrid, Comunidad de	Personas que no conviven en pareja pero forman núcleo con algún hijo	25-34 ańos	Hombre	2018	2,4
Total Nacional	Madrid, Comunidad de	Personas que no conviven en pareja pero forman núcleo con algún hijo	25-34 ańos	Mujer	2020	11,4
Total Nacional	Madrid, Comunidad de	Personas que no conviven en pareja pero forman núcleo con algún hijo	25-34 ańos	Mujer	2019	20,6
Total Nacional	Madrid, Comunidad de	Personas que no conviven en pareja pero forman núcleo con algún hijo	25-34 ańos	Mujer	2018	14,1
Total Nacional	Madrid, Comunidad de	Hijos/Hijas no del padre o madre solos	25-34 ańos	Hombre	2020	140,5
Total Nacional	Madrid, Comunidad de	Hijos/Hijas no del padre o madre solos	25-34 ańos	Hombre	2019	125,2
Total Nacional	Madrid, Comunidad de	Hijos/Hijas no del padre o madre solos	25-34 ańos	Hombre	2018	112,9
Total Nacional	Madrid, Comunidad de	Hijos/Hijas no del padre o madre solos	25-34 ańos	Mujer	2020	91,6
Total Nacional	Madrid, Comunidad de	Hijos/Hijas no del padre o madre solos	25-34 ańos	Mujer	2019	72,2
Total Nacional	Madrid, Comunidad de	Hijos/Hijas no del padre o madre solos	25-34 ańos	Mujer	2018	91,7
Total Nacional	Madrid, Comunidad de	Hijos/Hijas del padre o madre solos	25-34 ańos	Hombre	2020	32,7
Total Nacional	Madrid, Comunidad de	Hijos/Hijas del padre o madre solos	25-34 ańos	Hombre	2019	49,0
Total Nacional	Madrid, Comunidad de	Hijos/Hijas del padre o madre solos	25-34 ańos	Hombre	2018	41,6
Total Nacional	Madrid, Comunidad de	Hijos/Hijas del padre o madre solos	25-34 ańos	Mujer	2020	28,7
Total Nacional	Madrid, Comunidad de	Hijos/Hijas del padre o madre solos	25-34 ańos	Mujer	2019	39,0
Total Nacional	Madrid, Comunidad de	Hijos/Hijas del padre o madre solos	25-34 ańos	Mujer	2018	26,7
Total Nacional	Madrid, Comunidad de	Personas que viven solas	25-34 ańos	Hombre	2020	32,8
Total Nacional	Madrid, Comunidad de	Personas que viven solas	25-34 ańos	Hombre	2019	32,7
Total Nacional	Madrid, Comunidad de	Personas que viven solas	25-34 ańos	Hombre	2018	42,0
Total Nacional	Madrid, Comunidad de	Personas que viven solas	25-34 ańos	Mujer	2020	34,0
Total Nacional	Madrid, Comunidad de	Personas que viven solas	25-34 ańos	Mujer	2019	34,3
Total Nacional	Madrid, Comunidad de	Personas que viven solas	25-34 ańos	Mujer	2018	31,1
Total Nacional	Madrid, Comunidad de	Personas que no viven en un núcleo familiar pero viven con otros parientes	25-34 ańos	Hombre	2020	14,5
Total Nacional	Madrid, Comunidad de	Personas que no viven en un núcleo familiar pero viven con otros parientes	25-34 ańos	Hombre	2019	20,9
Total Nacional	Madrid, Comunidad de	Personas que no viven en un núcleo familiar pero viven con otros parientes	25-34 ańos	Hombre	2018	11,4
Total Nacional	Madrid, Comunidad de	Personas que no viven en un núcleo familiar pero viven con otros parientes	25-34 ańos	Mujer	2020	21,8
Total Nacional	Madrid, Comunidad de	Personas que no viven en un núcleo familiar pero viven con otros parientes	25-34 ańos	Mujer	2019	18,4
Total Nacional	Madrid, Comunidad de	Personas que no viven en un núcleo familiar pero viven con otros parientes	25-34 ańos	Mujer	2018	13,5
Total Nacional	Madrid, Comunidad de	Personas que no viven en un núcleo familiar pero viven con otros personas que no son parientes	25-34 ańos	Hombre	2020	37,1
Total Nacional	Madrid, Comunidad de	Personas que no viven en un núcleo familiar pero viven con otros personas que no son parientes	25-34 ańos	Hombre	2019	18,8
Total Nacional	Madrid, Comunidad de	Personas que no viven en un núcleo familiar pero viven con otros personas que no son parientes	25-34 ańos	Hombre	2018	21,1
Total Nacional	Madrid, Comunidad de	Personas que no viven en un núcleo familiar pero viven con otros personas que no son parientes	25-34 ańos	Mujer	2020	42,4
Total Nacional	Madrid, Comunidad de	Personas que no viven en un núcleo familiar pero viven con otros personas que no son parientes	25-34 ańos	Mujer	2019	40,1
Total Nacional	Madrid, Comunidad de	Personas que no viven en un núcleo familiar pero viven con otros personas que no son parientes	25-34 ańos	Mujer	2018	28,8
Total Nacional	Murcia, Región de	Personas que conviven con su cónyuge	25-34 ańos	Hombre	2020	19,7
Total Nacional	Murcia, Región de	Personas que conviven con su cónyuge	25-34 ańos	Hombre	2019	18,3
Total Nacional	Murcia, Región de	Personas que conviven con su cónyuge	25-34 ańos	Hombre	2018	14,0
Total Nacional	Murcia, Región de	Personas que conviven con su cónyuge	25-34 ańos	Mujer	2020	25,9
Total Nacional	Murcia, Región de	Personas que conviven con su cónyuge	25-34 ańos	Mujer	2019	28,1
Total Nacional	Murcia, Región de	Personas que conviven con su cónyuge	25-34 ańos	Mujer	2018	26,5
Total Nacional	Murcia, Región de	Personas que son parte de una pareja de hecho	25-34 ańos	Hombre	2020	13,3
Total Nacional	Murcia, Región de	Personas que son parte de una pareja de hecho	25-34 ańos	Hombre	2019	15,2
Total Nacional	Murcia, Región de	Personas que son parte de una pareja de hecho	25-34 ańos	Hombre	2018	18,0
Total Nacional	Murcia, Región de	Personas que son parte de una pareja de hecho	25-34 ańos	Mujer	2020	14,6
Total Nacional	Murcia, Región de	Personas que son parte de una pareja de hecho	25-34 ańos	Mujer	2019	18,9
Total Nacional	Murcia, Región de	Personas que son parte de una pareja de hecho	25-34 ańos	Mujer	2018	19,1
Total Nacional	Murcia, Región de	Personas que no conviven en pareja pero forman núcleo con algún hijo	25-34 ańos	Hombre	2020	..
Total Nacional	Murcia, Región de	Personas que no conviven en pareja pero forman núcleo con algún hijo	25-34 ańos	Hombre	2019	0,2
Total Nacional	Murcia, Región de	Personas que no conviven en pareja pero forman núcleo con algún hijo	25-34 ańos	Hombre	2018	0,3
Total Nacional	Murcia, Región de	Personas que no conviven en pareja pero forman núcleo con algún hijo	25-34 ańos	Mujer	2020	3,0
Total Nacional	Murcia, Región de	Personas que no conviven en pareja pero forman núcleo con algún hijo	25-34 ańos	Mujer	2019	3,1
Total Nacional	Murcia, Región de	Personas que no conviven en pareja pero forman núcleo con algún hijo	25-34 ańos	Mujer	2018	6,6
Total Nacional	Murcia, Región de	Hijos/Hijas no del padre o madre solos	25-34 ańos	Hombre	2020	35,0
Total Nacional	Murcia, Región de	Hijos/Hijas no del padre o madre solos	25-34 ańos	Hombre	2019	30,2
Total Nacional	Murcia, Región de	Hijos/Hijas no del padre o madre solos	25-34 ańos	Hombre	2018	35,4
Total Nacional	Murcia, Región de	Hijos/Hijas no del padre o madre solos	25-34 ańos	Mujer	2020	27,7
Total Nacional	Murcia, Región de	Hijos/Hijas no del padre o madre solos	25-34 ańos	Mujer	2019	21,2
Total Nacional	Murcia, Región de	Hijos/Hijas no del padre o madre solos	25-34 ańos	Mujer	2018	21,1
Total Nacional	Murcia, Región de	Hijos/Hijas del padre o madre solos	25-34 ańos	Hombre	2020	9,7
Total Nacional	Murcia, Región de	Hijos/Hijas del padre o madre solos	25-34 ańos	Hombre	2019	9,1
Total Nacional	Murcia, Región de	Hijos/Hijas del padre o madre solos	25-34 ańos	Hombre	2018	13,4
Total Nacional	Murcia, Región de	Hijos/Hijas del padre o madre solos	25-34 ańos	Mujer	2020	8,3
Total Nacional	Murcia, Región de	Hijos/Hijas del padre o madre solos	25-34 ańos	Mujer	2019	7,8
Total Nacional	Murcia, Región de	Hijos/Hijas del padre o madre solos	25-34 ańos	Mujer	2018	7,7
Total Nacional	Murcia, Región de	Personas que viven solas	25-34 ańos	Hombre	2020	7,9
Total Nacional	Murcia, Región de	Personas que viven solas	25-34 ańos	Hombre	2019	9,7
Total Nacional	Murcia, Región de	Personas que viven solas	25-34 ańos	Hombre	2018	5,8
Total Nacional	Murcia, Región de	Personas que viven solas	25-34 ańos	Mujer	2020	1,4
Total Nacional	Murcia, Región de	Personas que viven solas	25-34 ańos	Mujer	2019	3,4
Total Nacional	Murcia, Región de	Personas que viven solas	25-34 ańos	Mujer	2018	4,7
Total Nacional	Murcia, Región de	Personas que no viven en un núcleo familiar pero viven con otros parientes	25-34 ańos	Hombre	2020	2,1
Total Nacional	Murcia, Región de	Personas que no viven en un núcleo familiar pero viven con otros parientes	25-34 ańos	Hombre	2019	4,8
Total Nacional	Murcia, Región de	Personas que no viven en un núcleo familiar pero viven con otros parientes	25-34 ańos	Hombre	2018	1,2
Total Nacional	Murcia, Región de	Personas que no viven en un núcleo familiar pero viven con otros parientes	25-34 ańos	Mujer	2020	3,9
Total Nacional	Murcia, Región de	Personas que no viven en un núcleo familiar pero viven con otros parientes	25-34 ańos	Mujer	2019	3,0
Total Nacional	Murcia, Región de	Personas que no viven en un núcleo familiar pero viven con otros parientes	25-34 ańos	Mujer	2018	2,0
Total Nacional	Murcia, Región de	Personas que no viven en un núcleo familiar pero viven con otros personas que no son parientes	25-34 ańos	Hombre	2020	4,3
Total Nacional	Murcia, Región de	Personas que no viven en un núcleo familiar pero viven con otros personas que no son parientes	25-34 ańos	Hombre	2019	3,5
Total Nacional	Murcia, Región de	Personas que no viven en un núcleo familiar pero viven con otros personas que no son parientes	25-34 ańos	Hombre	2018	2,3
Total Nacional	Murcia, Región de	Personas que no viven en un núcleo familiar pero viven con otros personas que no son parientes	25-34 ańos	Mujer	2020	3,1
Total Nacional	Murcia, Región de	Personas que no viven en un núcleo familiar pero viven con otros personas que no son parientes	25-34 ańos	Mujer	2019	2,8
Total Nacional	Murcia, Región de	Personas que no viven en un núcleo familiar pero viven con otros personas que no son parientes	25-34 ańos	Mujer	2018	1,1
Total Nacional	Navarra, Comunidad Foral de	Personas que conviven con su cónyuge	25-34 ańos	Hombre	2020	5,8
Total Nacional	Navarra, Comunidad Foral de	Personas que conviven con su cónyuge	25-34 ańos	Hombre	2019	7,7
Total Nacional	Navarra, Comunidad Foral de	Personas que conviven con su cónyuge	25-34 ańos	Hombre	2018	8,2
Total Nacional	Navarra, Comunidad Foral de	Personas que conviven con su cónyuge	25-34 ańos	Mujer	2020	8,8
Total Nacional	Navarra, Comunidad Foral de	Personas que conviven con su cónyuge	25-34 ańos	Mujer	2019	11,7
Total Nacional	Navarra, Comunidad Foral de	Personas que conviven con su cónyuge	25-34 ańos	Mujer	2018	11,3
Total Nacional	Navarra, Comunidad Foral de	Personas que son parte de una pareja de hecho	25-34 ańos	Hombre	2020	5,3
Total Nacional	Navarra, Comunidad Foral de	Personas que son parte de una pareja de hecho	25-34 ańos	Hombre	2019	5,4
Total Nacional	Navarra, Comunidad Foral de	Personas que son parte de una pareja de hecho	25-34 ańos	Hombre	2018	4,7
Total Nacional	Navarra, Comunidad Foral de	Personas que son parte de una pareja de hecho	25-34 ańos	Mujer	2020	7,7
Total Nacional	Navarra, Comunidad Foral de	Personas que son parte de una pareja de hecho	25-34 ańos	Mujer	2019	6,0
Total Nacional	Navarra, Comunidad Foral de	Personas que son parte de una pareja de hecho	25-34 ańos	Mujer	2018	5,8
Total Nacional	Navarra, Comunidad Foral de	Personas que no conviven en pareja pero forman núcleo con algún hijo	25-34 ańos	Hombre	2020	0,4
Total Nacional	Navarra, Comunidad Foral de	Personas que no conviven en pareja pero forman núcleo con algún hijo	25-34 ańos	Hombre	2019	0,1
Total Nacional	Navarra, Comunidad Foral de	Personas que no conviven en pareja pero forman núcleo con algún hijo	25-34 ańos	Hombre	2018	0,3
Total Nacional	Navarra, Comunidad Foral de	Personas que no conviven en pareja pero forman núcleo con algún hijo	25-34 ańos	Mujer	2020	1,7
Total Nacional	Navarra, Comunidad Foral de	Personas que no conviven en pareja pero forman núcleo con algún hijo	25-34 ańos	Mujer	2019	1,0
Total Nacional	Navarra, Comunidad Foral de	Personas que no conviven en pareja pero forman núcleo con algún hijo	25-34 ańos	Mujer	2018	1,4
Total Nacional	Navarra, Comunidad Foral de	Hijos/Hijas no del padre o madre solos	25-34 ańos	Hombre	2020	13,3
Total Nacional	Navarra, Comunidad Foral de	Hijos/Hijas no del padre o madre solos	25-34 ańos	Hombre	2019	10,4
Total Nacional	Navarra, Comunidad Foral de	Hijos/Hijas no del padre o madre solos	25-34 ańos	Hombre	2018	8,2
Total Nacional	Navarra, Comunidad Foral de	Hijos/Hijas no del padre o madre solos	25-34 ańos	Mujer	2020	7,6
Total Nacional	Navarra, Comunidad Foral de	Hijos/Hijas no del padre o madre solos	25-34 ańos	Mujer	2019	7,4
Total Nacional	Navarra, Comunidad Foral de	Hijos/Hijas no del padre o madre solos	25-34 ańos	Mujer	2018	6,4
Total Nacional	Navarra, Comunidad Foral de	Hijos/Hijas del padre o madre solos	25-34 ańos	Hombre	2020	2,2
Total Nacional	Navarra, Comunidad Foral de	Hijos/Hijas del padre o madre solos	25-34 ańos	Hombre	2019	3,2
Total Nacional	Navarra, Comunidad Foral de	Hijos/Hijas del padre o madre solos	25-34 ańos	Hombre	2018	4,6
Total Nacional	Navarra, Comunidad Foral de	Hijos/Hijas del padre o madre solos	25-34 ańos	Mujer	2020	3,6
Total Nacional	Navarra, Comunidad Foral de	Hijos/Hijas del padre o madre solos	25-34 ańos	Mujer	2019	1,2
Total Nacional	Navarra, Comunidad Foral de	Hijos/Hijas del padre o madre solos	25-34 ańos	Mujer	2018	3,1
Total Nacional	Navarra, Comunidad Foral de	Personas que viven solas	25-34 ańos	Hombre	2020	4,2
Total Nacional	Navarra, Comunidad Foral de	Personas que viven solas	25-34 ańos	Hombre	2019	3,7
Total Nacional	Navarra, Comunidad Foral de	Personas que viven solas	25-34 ańos	Hombre	2018	4,2
Total Nacional	Navarra, Comunidad Foral de	Personas que viven solas	25-34 ańos	Mujer	2020	2,0
Total Nacional	Navarra, Comunidad Foral de	Personas que viven solas	25-34 ańos	Mujer	2019	3,8
Total Nacional	Navarra, Comunidad Foral de	Personas que viven solas	25-34 ańos	Mujer	2018	2,3
Total Nacional	Navarra, Comunidad Foral de	Personas que no viven en un núcleo familiar pero viven con otros parientes	25-34 ańos	Hombre	2020	1,2
Total Nacional	Navarra, Comunidad Foral de	Personas que no viven en un núcleo familiar pero viven con otros parientes	25-34 ańos	Hombre	2019	1,4
Total Nacional	Navarra, Comunidad Foral de	Personas que no viven en un núcleo familiar pero viven con otros parientes	25-34 ańos	Hombre	2018	0,8
Total Nacional	Navarra, Comunidad Foral de	Personas que no viven en un núcleo familiar pero viven con otros parientes	25-34 ańos	Mujer	2020	1,4
Total Nacional	Navarra, Comunidad Foral de	Personas que no viven en un núcleo familiar pero viven con otros parientes	25-34 ańos	Mujer	2019	1,1
Total Nacional	Navarra, Comunidad Foral de	Personas que no viven en un núcleo familiar pero viven con otros parientes	25-34 ańos	Mujer	2018	1,0
Total Nacional	Navarra, Comunidad Foral de	Personas que no viven en un núcleo familiar pero viven con otros personas que no son parientes	25-34 ańos	Hombre	2020	2,1
Total Nacional	Navarra, Comunidad Foral de	Personas que no viven en un núcleo familiar pero viven con otros personas que no son parientes	25-34 ańos	Hombre	2019	2,5
Total Nacional	Navarra, Comunidad Foral de	Personas que no viven en un núcleo familiar pero viven con otros personas que no son parientes	25-34 ańos	Hombre	2018	3,1
Total Nacional	Navarra, Comunidad Foral de	Personas que no viven en un núcleo familiar pero viven con otros personas que no son parientes	25-34 ańos	Mujer	2020	1,2
Total Nacional	Navarra, Comunidad Foral de	Personas que no viven en un núcleo familiar pero viven con otros personas que no son parientes	25-34 ańos	Mujer	2019	1,6
Total Nacional	Navarra, Comunidad Foral de	Personas que no viven en un núcleo familiar pero viven con otros personas que no son parientes	25-34 ańos	Mujer	2018	2,5
Total Nacional	País Vasco	Personas que conviven con su cónyuge	25-34 ańos	Hombre	2020	11,7
Total Nacional	País Vasco	Personas que conviven con su cónyuge	25-34 ańos	Hombre	2019	18,1
Total Nacional	País Vasco	Personas que conviven con su cónyuge	25-34 ańos	Hombre	2018	13,9
Total Nacional	País Vasco	Personas que conviven con su cónyuge	25-34 ańos	Mujer	2020	22,3
Total Nacional	País Vasco	Personas que conviven con su cónyuge	25-34 ańos	Mujer	2019	29,6
Total Nacional	País Vasco	Personas que conviven con su cónyuge	25-34 ańos	Mujer	2018	22,3
Total Nacional	País Vasco	Personas que son parte de una pareja de hecho	25-34 ańos	Hombre	2020	22,6
Total Nacional	País Vasco	Personas que son parte de una pareja de hecho	25-34 ańos	Hombre	2019	18,3
Total Nacional	País Vasco	Personas que son parte de una pareja de hecho	25-34 ańos	Hombre	2018	19,1
Total Nacional	País Vasco	Personas que son parte de una pareja de hecho	25-34 ańos	Mujer	2020	26,2
Total Nacional	País Vasco	Personas que son parte de una pareja de hecho	25-34 ańos	Mujer	2019	18,7
Total Nacional	País Vasco	Personas que son parte de una pareja de hecho	25-34 ańos	Mujer	2018	23,8
Total Nacional	País Vasco	Personas que no conviven en pareja pero forman núcleo con algún hijo	25-34 ańos	Hombre	2020	..
Total Nacional	País Vasco	Personas que no conviven en pareja pero forman núcleo con algún hijo	25-34 ańos	Hombre	2019	0,3
Total Nacional	País Vasco	Personas que no conviven en pareja pero forman núcleo con algún hijo	25-34 ańos	Hombre	2018	0,5
Total Nacional	País Vasco	Personas que no conviven en pareja pero forman núcleo con algún hijo	25-34 ańos	Mujer	2020	0,9
Total Nacional	País Vasco	Personas que no conviven en pareja pero forman núcleo con algún hijo	25-34 ańos	Mujer	2019	5,2
Total Nacional	País Vasco	Personas que no conviven en pareja pero forman núcleo con algún hijo	25-34 ańos	Mujer	2018	6,2
Total Nacional	País Vasco	Hijos/Hijas no del padre o madre solos	25-34 ańos	Hombre	2020	37,2
Total Nacional	País Vasco	Hijos/Hijas no del padre o madre solos	25-34 ańos	Hombre	2019	32,4
Total Nacional	País Vasco	Hijos/Hijas no del padre o madre solos	25-34 ańos	Hombre	2018	32,1
Total Nacional	País Vasco	Hijos/Hijas no del padre o madre solos	25-34 ańos	Mujer	2020	25,1
Total Nacional	País Vasco	Hijos/Hijas no del padre o madre solos	25-34 ańos	Mujer	2019	23,2
Total Nacional	País Vasco	Hijos/Hijas no del padre o madre solos	25-34 ańos	Mujer	2018	24,9
Total Nacional	País Vasco	Hijos/Hijas del padre o madre solos	25-34 ańos	Hombre	2020	12,9
Total Nacional	País Vasco	Hijos/Hijas del padre o madre solos	25-34 ańos	Hombre	2019	9,2
Total Nacional	País Vasco	Hijos/Hijas del padre o madre solos	25-34 ańos	Hombre	2018	13,2
Total Nacional	País Vasco	Hijos/Hijas del padre o madre solos	25-34 ańos	Mujer	2020	7,4
Total Nacional	País Vasco	Hijos/Hijas del padre o madre solos	25-34 ańos	Mujer	2019	7,7
Total Nacional	País Vasco	Hijos/Hijas del padre o madre solos	25-34 ańos	Mujer	2018	7,3
Total Nacional	País Vasco	Personas que viven solas	25-34 ańos	Hombre	2020	8,1
Total Nacional	País Vasco	Personas que viven solas	25-34 ańos	Hombre	2019	11,0
Total Nacional	País Vasco	Personas que viven solas	25-34 ańos	Hombre	2018	9,7
Total Nacional	País Vasco	Personas que viven solas	25-34 ańos	Mujer	2020	12,9
Total Nacional	País Vasco	Personas que viven solas	25-34 ańos	Mujer	2019	13,4
Total Nacional	País Vasco	Personas que viven solas	25-34 ańos	Mujer	2018	9,4
Total Nacional	País Vasco	Personas que no viven en un núcleo familiar pero viven con otros parientes	25-34 ańos	Hombre	2020	3,5
Total Nacional	País Vasco	Personas que no viven en un núcleo familiar pero viven con otros parientes	25-34 ańos	Hombre	2019	2,3
Total Nacional	País Vasco	Personas que no viven en un núcleo familiar pero viven con otros parientes	25-34 ańos	Hombre	2018	4,0
Total Nacional	País Vasco	Personas que no viven en un núcleo familiar pero viven con otros parientes	25-34 ańos	Mujer	2020	2,0
Total Nacional	País Vasco	Personas que no viven en un núcleo familiar pero viven con otros parientes	25-34 ańos	Mujer	2019	0,6
Total Nacional	País Vasco	Personas que no viven en un núcleo familiar pero viven con otros parientes	25-34 ańos	Mujer	2018	3,1
Total Nacional	País Vasco	Personas que no viven en un núcleo familiar pero viven con otros personas que no son parientes	25-34 ańos	Hombre	2020	6,4
Total Nacional	País Vasco	Personas que no viven en un núcleo familiar pero viven con otros personas que no son parientes	25-34 ańos	Hombre	2019	10,9
Total Nacional	País Vasco	Personas que no viven en un núcleo familiar pero viven con otros personas que no son parientes	25-34 ańos	Hombre	2018	10,9
Total Nacional	País Vasco	Personas que no viven en un núcleo familiar pero viven con otros personas que no son parientes	25-34 ańos	Mujer	2020	6,7
Total Nacional	País Vasco	Personas que no viven en un núcleo familiar pero viven con otros personas que no son parientes	25-34 ańos	Mujer	2019	5,6
Total Nacional	País Vasco	Personas que no viven en un núcleo familiar pero viven con otros personas que no son parientes	25-34 ańos	Mujer	2018	7,8
Total Nacional	Rioja, La	Personas que conviven con su cónyuge	25-34 ańos	Hombre	2020	2,2
Total Nacional	Rioja, La	Personas que conviven con su cónyuge	25-34 ańos	Hombre	2019	3,9
Total Nacional	Rioja, La	Personas que conviven con su cónyuge	25-34 ańos	Hombre	2018	1,8
Total Nacional	Rioja, La	Personas que conviven con su cónyuge	25-34 ańos	Mujer	2020	4,0
Total Nacional	Rioja, La	Personas que conviven con su cónyuge	25-34 ańos	Mujer	2019	5,6
Total Nacional	Rioja, La	Personas que conviven con su cónyuge	25-34 ańos	Mujer	2018	4,1
Total Nacional	Rioja, La	Personas que son parte de una pareja de hecho	25-34 ańos	Hombre	2020	2,8
Total Nacional	Rioja, La	Personas que son parte de una pareja de hecho	25-34 ańos	Hombre	2019	2,5
Total Nacional	Rioja, La	Personas que son parte de una pareja de hecho	25-34 ańos	Hombre	2018	3,3
Total Nacional	Rioja, La	Personas que son parte de una pareja de hecho	25-34 ańos	Mujer	2020	3,1
Total Nacional	Rioja, La	Personas que son parte de una pareja de hecho	25-34 ańos	Mujer	2019	2,7
Total Nacional	Rioja, La	Personas que son parte de una pareja de hecho	25-34 ańos	Mujer	2018	4,0
Total Nacional	Rioja, La	Personas que no conviven en pareja pero forman núcleo con algún hijo	25-34 ańos	Hombre	2020	..
Total Nacional	Rioja, La	Personas que no conviven en pareja pero forman núcleo con algún hijo	25-34 ańos	Hombre	2019	0,2
Total Nacional	Rioja, La	Personas que no conviven en pareja pero forman núcleo con algún hijo	25-34 ańos	Hombre	2018	0,1
Total Nacional	Rioja, La	Personas que no conviven en pareja pero forman núcleo con algún hijo	25-34 ańos	Mujer	2020	0,4
Total Nacional	Rioja, La	Personas que no conviven en pareja pero forman núcleo con algún hijo	25-34 ańos	Mujer	2019	0,3
Total Nacional	Rioja, La	Personas que no conviven en pareja pero forman núcleo con algún hijo	25-34 ańos	Mujer	2018	..
Total Nacional	Rioja, La	Hijos/Hijas no del padre o madre solos	25-34 ańos	Hombre	2020	4,5
Total Nacional	Rioja, La	Hijos/Hijas no del padre o madre solos	25-34 ańos	Hombre	2019	3,9
Total Nacional	Rioja, La	Hijos/Hijas no del padre o madre solos	25-34 ańos	Hombre	2018	5,2
Total Nacional	Rioja, La	Hijos/Hijas no del padre o madre solos	25-34 ańos	Mujer	2020	4,8
Total Nacional	Rioja, La	Hijos/Hijas no del padre o madre solos	25-34 ańos	Mujer	2019	2,7
Total Nacional	Rioja, La	Hijos/Hijas no del padre o madre solos	25-34 ańos	Mujer	2018	3,8
Total Nacional	Rioja, La	Hijos/Hijas del padre o madre solos	25-34 ańos	Hombre	2020	2,9
Total Nacional	Rioja, La	Hijos/Hijas del padre o madre solos	25-34 ańos	Hombre	2019	2,3
Total Nacional	Rioja, La	Hijos/Hijas del padre o madre solos	25-34 ańos	Hombre	2018	2,0
Total Nacional	Rioja, La	Hijos/Hijas del padre o madre solos	25-34 ańos	Mujer	2020	1,0
Total Nacional	Rioja, La	Hijos/Hijas del padre o madre solos	25-34 ańos	Mujer	2019	2,5
Total Nacional	Rioja, La	Hijos/Hijas del padre o madre solos	25-34 ańos	Mujer	2018	1,4
Total Nacional	Rioja, La	Personas que viven solas	25-34 ańos	Hombre	2020	2,0
Total Nacional	Rioja, La	Personas que viven solas	25-34 ańos	Hombre	2019	1,9
Total Nacional	Rioja, La	Personas que viven solas	25-34 ańos	Hombre	2018	1,8
Total Nacional	Rioja, La	Personas que viven solas	25-34 ańos	Mujer	2020	1,9
Total Nacional	Rioja, La	Personas que viven solas	25-34 ańos	Mujer	2019	1,6
Total Nacional	Rioja, La	Personas que viven solas	25-34 ańos	Mujer	2018	2,3
Total Nacional	Rioja, La	Personas que no viven en un núcleo familiar pero viven con otros parientes	25-34 ańos	Hombre	2020	0,5
Total Nacional	Rioja, La	Personas que no viven en un núcleo familiar pero viven con otros parientes	25-34 ańos	Hombre	2019	1,0
Total Nacional	Rioja, La	Personas que no viven en un núcleo familiar pero viven con otros parientes	25-34 ańos	Hombre	2018	1,8
Total Nacional	Rioja, La	Personas que no viven en un núcleo familiar pero viven con otros parientes	25-34 ańos	Mujer	2020	0,3
Total Nacional	Rioja, La	Personas que no viven en un núcleo familiar pero viven con otros parientes	25-34 ańos	Mujer	2019	0,4
Total Nacional	Rioja, La	Personas que no viven en un núcleo familiar pero viven con otros parientes	25-34 ańos	Mujer	2018	0,5
Total Nacional	Rioja, La	Personas que no viven en un núcleo familiar pero viven con otros personas que no son parientes	25-34 ańos	Hombre	2020	1,0
Total Nacional	Rioja, La	Personas que no viven en un núcleo familiar pero viven con otros personas que no son parientes	25-34 ańos	Hombre	2019	0,2
Total Nacional	Rioja, La	Personas que no viven en un núcleo familiar pero viven con otros personas que no son parientes	25-34 ańos	Hombre	2018	0,2
Total Nacional	Rioja, La	Personas que no viven en un núcleo familiar pero viven con otros personas que no son parientes	25-34 ańos	Mujer	2020	0,5
Total Nacional	Rioja, La	Personas que no viven en un núcleo familiar pero viven con otros personas que no son parientes	25-34 ańos	Mujer	2019	0,3
Total Nacional	Rioja, La	Personas que no viven en un núcleo familiar pero viven con otros personas que no son parientes	25-34 ańos	Mujer	2018	0,2
